Firma;Stitz Registergericht;Bundesland;Branchencode (1);Bilanzsumme;Anzahl MA;fixe Quote;Mitgliederzahl Aufsichtsrat;Davon Frauen;Boersennotiert
11 88 0 Solutions AG;Essen;NW;62.0;19553000;571;nein;5;1;1
3M Deutschland GmbH;Neuss;NW;20;1791989000;6171;nein;11;0;0
50Hertz Transmission GmbH;Berlin;BE;35.1;0;0;nein;6;1;0
A. D. U. Gebäudeservice Urban GmbH;Paderborn;NW;81.21;0;0;nein;0;0;0
A.S. Création Tapeten AG;Gummersbach;NW;17.24.0;128649691;708;nein;6;1;1
AachenMünchener Lebensversicherung AG;Aachen;NW;65.11;0;0;nein;9;1;0
AachenMünchener Versicherung AG;Aachen;NW;65.1;0;0;nein;9;2;0
aap Implantate AG;Berlin;BE;32.50.1;42221000;130;nein;3;1;1
Aareal Bank AG;Wiesbaden;HE;64.19;42687000000;2764;nein;12;4;1
Aareon AG;Mainz;RP;70.10;265018000;1442;nein;4;1;0
ABB AG;Mannheim;BW;64.20;2316007000;9431;nein;16;4;0
ABB Automation GmbH;Mannheim;BW;28.99;0;0;nein;6;2;0
ABB Automation Products GmbH;Ladenburg;BW;26. Nov;0;0;nein;6;2;0
Abbott Laboratories GmbH;Hannover;NI;0;0;0;nein;6;2;0
ABG FRANKFURT HOLDING Wohnungsbau- und Beteiligungsgesellschaft mit beschränkter Haftung;Frankfurt am Main;HE;68.1;2556170681;778;nein;21;9;0
Acciona Airport Services Frankfurt GmbH;Düsseldorf;HE;52.23.9;21973244;923;nein;0;0;0
AccorInvest Germany GmbH;München;BY;55.10.1;581726533;4243;nein;12;2;0
Actemium Cegelec GmbH;Frankfurt am Main;HE;71.12.2;0;0;nein;3;0;0
ADAC SE;München;BY;64.20.0;2164828080;3424;nein;6;1;0
Adam Opel GmbH;Rüsselsheim am Main;HE;70.10.9;0;0;nein;20;3;0
adesso AG;Dortmund;NW;62.02;202812000;2401;nein;6;0;1
adidas AG;Fürth;BY;46.41;14522000000;56577;ja;20;4;
Adler Modemärkte AG;Aschaffenburg;BY;14. Jan;241133000;3542;ja;12;4;
ADM Hamburg Aktiengesellschaft;Hamburg;HH;10.41.0;192503185;491;nein;3;0;0
ADVA Optical Networking SE;Meiningen;TH;27.90;486538000;1831;nein;3;1;1
AGCO GmbH;Marktoberdorf;BY;28.30.0;2063852000;5867;nein;12;1;0
Agfa HealthCare GmbH;Bonn;NW;71.1;0;0;nein;3;1;0
Agfa-Gevaert HealthCare GmbH;Düsseldorf;NW;26.70.0;0;0;nein;6;1;0
Agility Logistics GmbH;Hamburg;HH;52.29.1;0;0;nein;0;0;0
AGR Abfallentsorgungs-Gesellschaft Ruhrgebiet mit beschränkter Haftung;Herten;NW;38.2;385016114;827;nein;18;5;0
AGRAVIS RAIFFEISEN AG;Hannover und Münster;NW;46.90.1;1940566000;6112;nein;20;6;0
Ahlers AG;Herford;NW;14. Jan;172179000;2122;nein;5;2;1
Airbus Defence and Space GmbH;Ottobrunn;BY;30.30.0;1,14E+11;129442;nein;16;2;0
AIRBUS HELICOPTERS DEUTSCHLAND GmbH;Donauwörth;BY;30.30.0;0;0;nein;12;1;0
Airbus Operations GmbH;Hamburg;HH;30.30.0;0;0;nein;20;2;0
AIXTRON SE;Herzogenrath;NW;26;538861000;594;nein;6;1;1
Aktienbrauerei Kaufbeuren Aktiengesellschaft;Kaufbeuren;BY;68.20;0;0;nein;3;1;1
AL-KO KOBER SE;Kötz, Landkreis Günzburg;BY;70.10;723467830;1996;nein;9;0;0
Albemarle Germany GmbH;Frankfurt am Main;HE;46.75;0;0;nein;6;2;0
Albtal-Verkehrs-Gesellschaft mbH;Karlsruhe;BW;70.10;0;0;nein;15;1;0
Aleris Rolled Products Germany GmbH;Koblenz;RP;24.42.0;2163;0;nein;6;0;0
Alexanderwerk Aktiengesellschaft;Remscheid;NW;28.29;24511084;97;nein;3;0;1
All for One Group AG;Filderstadt;BW;62;183175000;1436;nein;6;1;1
ALLGAIER WERKE GmbH;Uhingen;BW;25.73;290447771;1636;nein;3;0;0
Alliance Healthcare Deutschland AG;Frankfurt am Main;HE;21.20.0;952785000;3676;nein;12;4;0
Allianz Beratungs- und Vertriebs-AG;München;BY;65;0;0;nein;12;4;0
Allianz Deutschland AG;München;BY;70.10.1;0;0;nein;20;6;0
Allianz Global Corporate & Specialty SE;München;BY;65;0;0;nein;6;4;0
Allianz Global Investors GmbH;Frankfurt am Main;HE;70.10;0;0;nein;6;3;0
Allianz Lebensversicherungs-Aktiengesellschaft;Stuttgart;BW;65.11.0;0;0;nein;6;1;0
Allianz SE;München;BY;65.2;9,01E+11;40149;ja;12;4;
Allianz Technology SE;München;BY;62.0;0;0;nein;6;3;0
Allianz Versicherungs-Aktiengesellschaft;München;BY;65;0;0;nein;6;3;0
Allweiler GmbH;Radolfzell am Bodensee;BW;24. Mai;0;0;nein;6;2;0
ALOIS KOBER GMBH;Kötz;BY;28;205319277;2353;nein;0;0;0
Alte Leipziger Lebensversicherung auf Gegenseitigkeit;Oberursel (Taunus);HE;65.11.0;27946894000;1800;nein;9;3;0
Alte Leipziger Versicherung Aktiengesellschaft;Oberursel (Taunus);HE;65;0;0;nein;6;2;0
ALUMINIUM NORF Gesellschaft mit beschränkter Haftung;Neuss-Norf;NW;25;0;0;nein;12;3;0
AlzChem AG;Trostberg;BY;71.12.1;263874000;1344;nein;6;1;0
AlzChem Trostberg GmbH;Trostberg;BY;46.46.1;0;0;nein;6;1;0
Amadeus Data Processing GmbH;Erding;BY;63.11.0;0;0;nein;0;0;0
AMADEUS FIRE AG;Frankfurt am Main;HE;78.3;78017000;2723;ja;12;4;
Amcor Flexibles Singen GmbH;Singen Hohentwiel;BW;22.22.0;0;0;nein;6;1;0
Amper Kliniken Aktiengesellschaft;Dachau;BY;86.10.1;0;0;nein;9;3;0
Amprion GmbH;Dortmund;NW;35.12.0;0;0;nein;12;1;0
AOK Systems GmbH;Bonn;NW;62.01.1;0;0;nein;3;1;0
Aon Holding Deutschland GmbH;Hamburg;HH;66;272724942;1189;nein;3;1;0
APEP GmbH;Oberursel (Taunus);HE;64.20.0;376055000;2183;nein;0;0;0
apetito Aktiengesellschaft;Rheine;NW;Okt 85;420413000;2875;nein;9;0;0
ARAG SE;Düsseldorf;NW;65.12.2;0;0;nein;9;1;0
ArcelorMittal Bremen GmbH;Bremen;HB;24.10.2000;0;0;nein;15;2;0
ArcelorMittal Duisburg Service GmbH;Duisburg;NW;82.99.9;0;0;nein;12;2;0
ArcelorMittal Eisenhüttenstadt GmbH;Eisenhüttenstadt;BR;24.10.2000;0;0;nein;15;2;0
ArcelorMittal Hochfeld GmbH;Duisburg;NW;24. Okt;0;0;nein;12;1;0
Ardagh Metal Beverage Germany GmbH;Bonn;NW;25.92;0;0;nein;6;0;0
ARLANXEO Deutschland GmbH;Dormagen;NW;20;0;0;nein;3;0;0
ARYZTA Bakeries Deutschland GmbH;Lutherstadt, Eisleben;ST;10.89.0;0;0;nein;3;0;0
ARZ Haan AG;Haan;NW;70;210034406;650;nein;6;0;0
AstraZeneca GmbH;Wedel;SH;21.20.0;0;0;nein;3;2;0
ATLAS Dienstleistungen für Vermögensberatung GmbH;Frankfurt am Main;HE;66;0;0;nein;3;0;0
ATLAS ELEKTRONIK GmbH;Bremen;HB;26;731404000;2177;nein;9;1;0
Atos Information Technology GmbH;München;BY;64.20.0;0;0;nein;16;5;0
ATOSS Software AG;München;BY;46.51;47150093;413;nein;3;0;1
AUDI Aktiengesellschaft;Ingolstadt;BY;29. Jan;63680000000;58144;ja;18;1;
Aurubis AG;Hamburg;HH;24.41;4361019000;6216;ja;12;2;
Automotive Lighting Brotterode GmbH;Brotterode-Trusetal;TH;45.31.0;0;0;nein;3;0;0
Automotive Lighting Reutlingen GmbH;Reutlingen;BW;27.40.0;0;0;nein;3;0;0
Avacon AG;Helmstedt;NI;35.2;0;0;nein;20;5;0
Aventics GmbH;Laatzen;NI;71.12.2;0;0;nein;3;0;0
Aves One AG;Hamburg;HH;70.10;923678000;40;nein;4;1;1
avitea GmbH work and more;Lippstadt;NW;96.09;0;0;nein;0;0;0
Avnet Logistics GmbH;Poing;BY;49.41.0;0;0;nein;3;0;0
AWB Abfallwirtschaftsbetriebe Köln GmbH;Köln;NW;38.1;0;0;nein;15;3;0
AWISTA Gesellschaft für Abfallwirtschaft und Stadtreinigung mbH;Düsseldorf;NW;38.1;0;0;nein;15;2;0
AXA Konzern Aktiengesellschaft;Köln;NW;64.20;76435000000;9615;nein;16;7;0
AZURIT Catering GmbH;Eisenberg;RP;56;0;0;nein;0;0;0
B. Metzler seel. Sohn & Co. Holding Aktiengesellschaft;Frankfurt am Main;HE;64.20.0;3922378794;855;nein;3;0;0
BAG Bankaktiengesellschaft;Hamm;NW;64.19.4;434260433;249;nein;15;2;0
BALLUFF GmbH;Neuhausen auf den Fildern;BW;26. Dez;0;0;nein;3;0;0
BAM Deutschland AG;Stuttgart;BW;78.20;0;0;nein;3;1;0
BANKPOWER GmbH Personaldienstleistungen;Frankfurt am Main;HE;78;0;0;nein;3;1;0
Barmenia Allgemeine Versicherungs-Aktiengesellschaft;Wuppertal;NW;65.12.2;0;0;nein;6;1;0
Barmenia Krankenversicherung a.G.;Wuppertal;NW;65.12.1;10761087000;1875;nein;6;2;0
Barmenia Lebensversicherung a.G.;Wuppertal;NW;65.11.0;0;0;nein;6;2;0
Basell Polyolefine GmbH;Wesseling;NW;20.16.0;0;0;nein;12;2;0
BASF Schwarzheide GmbH;Schwarzheide;BR;20.14;0;0;nein;9;1;0
BASF SE;Ludwigshafen a.Rhein (Ludwigshafen);RP;61;49439000000;53390;ja;12;3;
Basler Aktiengesellschaft;Ahrensburg;SH;26. Mai;138954000;642;nein;6;2;1
Basler Lebensversicherungs-Aktiengesellschaft;Hamburg;HH;65.11.0;0;0;nein;6;1;0
Basler Sachversicherungs-Aktiengesellschaft;Bad Homburg v.d.Höhe;HE;65.12.2;0;0;nein;6;1;0
Bastei Lübbe AG;Köln;NW;32.99.0;101485000;584;nein;3;0;1
BAUER Aktiengesellschaft;Ingolstadt;BY;28;1617703000;3921;ja;12;2;
BAUER Maschinen GmbH;Schrobenhausen;BY;28.92.2;0;0;nein;3;0;0
BAUER Spezialtiefbau GmbH;Schrobenhausen;BY;43.99.9;0;0;nein;3;0;0
Bauknecht Hausgeräte GmbH;Stuttgart;BW;27.51;0;0;nein;3;1;0
Bausparkasse Schwäbisch Hall Aktiengesellschaft - Bausparkasse der Volksbanken und Raiffeisenbanken -;Schwäbisch Hall;BW;64.19.6;68336768;3214;nein;20;6;0
Bayer Aktiengesellschaft;Köln;NW;21;75087000000;99762;ja;20;4;
Bayer Business Services GmbH;Leverkusen;NW;96.09;0;0;nein;12;4;0
Bayer CropScience Aktiengesellschaft;Monheim am Rhein;NW;70.10;0;0;nein;12;2;0
Bayer Gastronomie GmbH;Leverkusen;NW;55.1;0;0;nein;3;1;0
Bayer Pharma Aktiengesellschaft;Berlin;BE;01. Jun;0;0;nein;16;3;0
Bayer Vital GmbH;Leverkusen;NW;46.75;0;0;nein;3;0;0
Bayerische Beamtenkrankenkasse Aktiengesellschaft;München;BY;65.12.1;0;0;nein;15;2;0
Bayerische Landesbrandversicherung Aktiengesellschaft;München;BY;65;0;0;nein;18;3;0
Bayerische Milchindustrie eG;Landshut;BY;Okt 51;197465601;1058;nein;24;4;0
Bayerische Motoren Werke Aktiengesellschaft;München;BY;29. Jan;1,93E+11;127524;ja;20;5;
Bayerischer Versicherungsverband Versicherungsaktiengesellschaft;München;BY;65.1;0;0;nein;18;3;0
BAYERNOIL Raffineriegesellschaft mbH;Vohburg;BY;19. Feb;0;0;nein;6;0;0
Bayernwerk AG;Regensburg;BY;35.1;0;0;nein;20;2;0
BayWa Aktiengesellschaft;München;BY;46.73.1;6474857000;16960;ja;16;2;
BBBank eG;Karlsruhe;BW;64.19.3;0;0;nein;15;6;0
BBI Bürgerliches Brauhaus Immobilien Aktiengesellschaft;Ingolstadt;BY;68;0;0;nein;3;0;1
BCD Travel Germany GmbH;Bremen;HB;79.11;1131545000;10996;nein;12;3;0
BCS Automotive Interface Solutions GmbH;Radolfzell am Bodensee;BW;46.52;0;0;nein;3;0;0
BDO AG Wirtschaftsprüfungsgesellschaft;Hamburg;HH;69.20.1;143999000;1750;nein;6;3;0
BearingPoint GmbH;Frankfurt am Main;HE;70.22.0;0;0;nein;6;2;0
Bechtle Aktiengesellschaft;Stuttgart;BW;62.03;1443384000;5682;ja;12;3;
Beiersdorf Aktiengesellschaft;Hamburg;HH;20.41;7573000000;17846;ja;12;3;
Benteler Automobiltechnik GmbH;Paderborn;NW;25. Sep;0;0;nein;12;2;0
Benteler Steel/Tube GmbH;Paderborn;NW;24.20;0;0;nein;12;2;0
BERDING BETON GmbH;Steinfeld;NI;23.69;0;0;nein;0;0;0
Berentzen-Gruppe Aktiengesellschaft;Haselünne;NI;46;144979000;465;nein;9;1;1
Berlin Hyp AG;Berlin;BE;64.19.4;0;0;nein;15;2;0
BERLIN-CHEMIE Aktiengesellschaft;Berlin;BE;21. Feb;3801672000;16722;nein;6;1;0
Berliner Volksbank eG;Berlin;BE;64.19.3;13394807044;1987;nein;16;3;0
Bertrandt Aktiengesellschaft;Ehningen;BW;71.12.2;788395000;12302;nein;6;2;1
Bethmann Bank AG;Frankfurt am Main;HE;64.19.1;0;0;nein;6;4;0
BGV-Versicherung Aktiengesellschaft;Karlsruhe;BW;65.12.2;0;0;nein;15;3;0
BHS tabletop Aktiengesellschaft;Selb;BY;46.44;119757000;1129;nein;6;1;1
BHW Bausparkasse Aktiengesellschaft;Hameln;NI;64.19.6;0;0;nein;9;1;0
Bilcare Research GmbH;Staufen im Breisgau;BW;46.76.0;0;0;nein;0;0;0
BIO COMPANY GmbH;Berlin;BE;47.11.1;42084091;1477;nein;0;0;0
Biotest Aktiengesellschaft;Dreieich;HE;72;1042300000;1639;nein;6;3;1
BK Giulini GmbH;Ludwigshafen/Rh.;RP;64.20.0;8552000000;0;nein;5;2;0
Blume 2000 Blumen-Handelsgesellschaft mbH;Norderstedt;SH;01.19.1;0;0;nein;3;1;0
BMW Bank GmbH;München;BY;64.19;0;0;nein;6;1;0
bnNETZE GmbH;Freiburg im Breisgau;BW;35;0;0;nein;3;0;0
Bochum-Gelsenkirchener Straßenbahnen Aktiengesellschaft;Bochum;NW;49.31.0;0;0;nein;12;4;0
Boll & Kirch Filterbau Gesellschaft mit beschränkter Haftung;Kerpen;NW;28.29.0;163286000;688;nein;3;1;0
Bombardier Transportation GmbH;Berlin;BE;30.20.1;0;0;nein;16;5;0
Bonnfinanz Aktiengesellschaft für Vermögensberatung und Vermittlung;Bonn;NW;66.19.0;0;0;nein;3;0;0
BP Lingen GmbH;Lingen;NI;09. Jan;0;0;nein;3;1;0
BP Oil Marketing GmbH;Bochum;NW;19. Feb;0;0;nein;3;0;0
Braunschweiger Verkehrs-GmbH;Braunschweig;NI;49.31;0;0;nein;12;2;0
BREMER LAGERHAUS-GESELLSCHAFT -Aktiengesellschaft von 1877-;Bremen;HB;41.20.1;707897000;8482;ja;0;0;
BT Berlin Transport GmbH;Berlin;BE;49.31.0;0;0;nein;9;5;0
BTC Business Technology Consulting AG;Oldenburg;NI;62.02.0;0;0;nein;6;1;0
Bundesdruckerei GmbH;Berlin;BE;43.21.0;632243150;2635;nein;12;3;0
CANCOM SE;München;BY;64.20;838141000;3206;nein;5;2;1
Capgemini Deutschland GmbH;Berlin;BE;62.01.9;0;0;nein;12;1;0
Capital One AG;München;BY;70.10;0;0;nein;4;0;1
CARGILL GmbH;Salzgitter;NI;46.31;0;0;nein;3;1;0
Carrier Kältetechnik Deutschland GmbH;Köln;NW;28.25.0;0;0;nein;3;1;0
Catalent Germany Eberbach GmbH;Eberbach;BW;21.20.0;0;0;nein;3;1;0
Catalent Germany Schorndorf GmbH;Schorndorf;BW;21.20.0;0;0;nein;3;0;0
Caterpillar Global Mining Europe GmbH;Lünen;NW;28.92.1;0;0;nein;6;2;0
Caterpillar Global Mining HMS GmbH;Dortmund;NW;28.49.1;0;0;nein;6;2;0
Central Krankenversicherung Aktiengesellschaft;Köln;NW;65;0;0;nein;6;2;0
Centrotec Sustainable AG;Brilon;NW;62.0;568206000;3067;nein;3;0;1
Ceravis AG;Rendsburg;SH;01.11.2000;361664000;630;nein;6;0;0
Cerner Health Services Deutschland GmbH;Idstein;HE;62.01.9;0;0;nein;3;1;0
CHEMETALL GMBH;Frankfurt am Main;HE;46.75;0;0;nein;6;0;0
Chemion Logistik GmbH;Leverkusen;NW;52.29.1;0;0;nein;3;0;0
Claas Kommanditgesellschaft auf Aktien mbH;Harsewinkel;NW;46.6;3232766000;10433;nein;12;1;0
comdirect bank Aktiengesellschaft;Quickborn/Krs. Pinneberg;SH;64.19.1;26914835000;1481;nein;6;3;1
Commerz Direktservice GmbH;Duisburg;NW;64;0;0;nein;6;1;0
Commerz Real AG;Eschborn;HE;64.20;0;0;nein;9;4;0
Commerz Real AG;Wiesbaden;HE;66.19;0;0;nein;9;4;0
COMMERZBANK Aktiengesellschaft;Frankfurt am Main;HE;64.19.1;4,52E+11;35803;ja;20;7;
Compass Group Deutschland GmbH;Eschborn;HE;64.20.0;350592000;14355;nein;16;5;0
Concordia Versicherungs-Gesellschaft auf Gegenseitigkeit;Hannover;NI;65;3904634040;1479;nein;6;2;0
Conrad Electronic SE;Hirschau;BY;47.78.9;0;0;nein;5;1;0
Constantin Medien AG;Ismaning;BY;70.10.9;91038000;376;nein;6;1;1
Constellium Deutschland GmbH;Singen Hohentwiel;BW;70.10;0;0;nein;12;2;0
Constellium Singen GmbH;Singen Hohentwiel;BW;24.42.0;0;0;nein;6;1;0
Continental Aktiengesellschaft;Hannover;NI;22.19;37440500000;230656;ja;20;4;
Continentale Krankenversicherung a.G.;Dortmund;NW;65.12.1;24544900924;3717;nein;9;2;0
Continentale Sachversicherung Aktiengesellschaft;Dortmund;NW;65;0;0;nein;9;0;0
Contipark Parkgaragengesellschaft mit beschränkter Haftung;Berlin;BE;52.21.1;0;0;nein;0;0;0
Coperion GmbH;Stuttgart;BW;22. Feb;0;0;nein;3;0;0
COSMOS Lebensversicherungs-Aktiengesellschaft;Saarbrücken;SL;65.11;0;0;nein;6;1;0
Covestro AG;Köln;NW;96.09;11341000000;15989;ja;0;0;
Covestro Deutschland AG;Leverkusen;NW;96.09;0;0;nein;12;5;0
CREATON Aktiengesellschaft;Wertingen;BY;23.61;3333370000;15011;nein;6;0;0
CreditPlus Bank Aktiengesellschaft;Stuttgart;BW;66.19.0;45575109;6298;nein;5;1;0
CSL Behring GmbH;Marburg/Lahn;HE;21. Feb;0;0;nein;12;6;0
CSM Deutschland GmbH;Bremen;HB;10.89.0;0;0;nein;3;0;0
D e b e k a  Krankenversicherungsverein auf Gegenseitigkeit Sitz Koblenz am Rhein;Koblenz;RP;65.12.1;53392538223;14463;nein;12;4;0
Daimler AG;Stuttgart;BW;70.10.1;2,43E+11;284957;ja;20;5;
Daimler TSS GmbH;Ulm;BW;62.02.0;43743750;864;nein;0;0;0
Danone GmbH;Haar;BY;10. Mai;0;0;nein;6;1;0
Dassault Systemes Deutschland GmbH;Stuttgart;BW;46.51;6311430000;0;nein;6;1;0
DATA MODUL Aktiengesellschaft Produktion und Vertrieb von elektronischen Systemen;München;BY;46.52.0;134124000;445;nein;3;1;1
DATEV eG;Nürnberg;BY;62.01.9;0;0;nein;12;3;0
DB Cargo Aktiengesellschaft;Mainz;RP;52.21.3;0;0;nein;20;6;0
DB Direkt GmbH;Frankfurt am Main;HE;52.2;0;0;nein;6;2;0
DB Energie GmbH;Frankfurt am Main;HE;52.21.3;0;0;nein;6;2;0
DB Fahrzeuginstandhaltung GmbH;Frankfurt am Main;HE;52.21.3;0;0;nein;12;2;0
DB Fernverkehr Aktiengesellschaft;Frankfurt am Main;HE;52.21.3;0;0;nein;16;5;0
DB Netz Aktiengesellschaft;Frankfurt am Main;HE;52.21.3;0;0;nein;20;6;0
DB Privat- und Firmenkundenbank AG;Frankfurt am Main;HE;64.1;1,45E+11;37389;nein;16;5;0
DB Regio Aktiengesellschaft;Frankfurt am Main;HE;49.1;0;0;nein;20;5;0
DB RegioNetz Infrastruktur GmbH;Frankfurt am Main;HE;52.21.3;0;0;nein;2;0;0
DB RegioNetz Verkehrs GmbH;Frankfurt am Main;HE;52.2;0;0;nein;3;1;0
DB Services GmbH;Berlin;BE;52.2;0;0;nein;20;8;0
DB Station&Service Aktiengesellschaft;Berlin;BE;52.21.4;0;0;nein;12;4;0
Debeka Lebensversicherungsverein auf Gegenseitigkeit Sitz Koblenz am Rhein;Koblenz;RP;65.11;49917181076;14030;nein;9;3;0
DEKRA SE;Stuttgart;BW;70.10;2090172000;41249;nein;12;2;0
Delivery Hero SE;Berlin;BE;64.20;2048200000;12882;nein;6;2;0
Dell GmbH;Frankfurt am Main;HE;46.51.0;0;0;nein;3;1;0
Deloitte Consulting GmbH;Düsseldorf;NW;70.22;0;0;nein;3;1;0
Deloitte GmbH Wirtschaftsprüfungsgesellschaft;München;BY;69.20.1;0;0;nein;12;4;0
Demag Cranes & Components GmbH;Düsseldorf;NW;28.29;0;0;nein;12;2;0
Detecon International GmbH;Köln;NW;62.02;0;0;nein;6;2;0
Deutsche Bahn Aktiengesellschaft;Berlin;BE;70.10.1;56436000000;308671;nein;20;5;0
DEUTSCHE BANK AKTIENGESELLSCHAFT;Frankfurt am Main;HE;64.19;1,47E+12;43519;ja;20;7;
Deutsche Bausparkasse Badenia Aktiengesellschaft;Karlsruhe;BW;64.19.6;0;0;nein;6;1;0
Deutsche Börse Aktiengesellschaft;Frankfurt am Main;HE;66.11;7103370558;1437;ja;12;5;ja
Deutsche Gesellschaft für Internationale Zusammenarbeit (GIZ) GmbH;Eschborn und Bonn;HE;88.99.0;0;0;nein;20;7;0
Deutsche Hypothekenbank (Actien-Gesellschaft);Hannover;NI;64.19;0;0;nein;6;1;0
Deutsche Lufthansa Aktiengesellschaft;Köln;NW;51.10;36267000000;127800;ja;20;6;
Deutsche Messe Aktiengesellschaft;Hannover;NI;64.20;341743642;1211;nein;20;5;0
Deutsche Pfandbriefbank AG;München;BY;64.99;57769000000;786;nein;9;3;1
Deutsche Post AG;Bonn;NW;53;38295000000;492966;ja;20;7;
Deutsche Postbank AG;Bonn;NW;64.19.1;1,45E+11;37389;nein;20;7;0
Deutsche Telekom AG;Bonn;NW;61.1;1,41E+11;103174;ja;20;7;
Deutsche WertpapierService Bank AG;Frankfurt am Main;HE;64.19;0;0;nein;15;0;0
Deutsche Wohnen SE;Berlin;BE;68.10.1;25057900000;1165;nein;6;1;1
DEVK Deutsche Eisenbahn Versicherung Lebensversicherungsverein a.G. Betriebliche Sozialeinrichtung der Deutschen Bahn;Köln;NW;65.1;0;0;nein;12;1;0
DEVK Deutsche Eisenbahn Versicherung Sach- und HUK-Versicherungsverein a.G. Betriebliche Sozialeinrichtung der Deutschen Bahn;Köln;NW;65.1;13571981747;3854;nein;12;2;0
Die Sparkasse Bremen AG;Bremen;HB;64.19;0;0;nein;9;2;0
Diehl Aerospace GmbH;Überlingen;BW;46.69.1;0;0;nein;6;0;0
Diehl Aviation Hamburg GmbH;Hamburg;HH;30. Mrz;0;0;nein;0;0;0
DKD HELIOS Klinik Wiesbaden GmbH;Wiesbaden;HE;70.1;0;0;nein;0;0;0
DMG MORI AKTIENGESELLSCHAFT;Bielefeld;NW;64.20;2241298000;6637;ja;12;1;
DNV GL SE;Hamburg;HH;71.20;0;0;nein;6;0;0
Doduco Contacts and Refining GmbH;Pforzheim;BW;20.59.0;0;0;nein;0;0;0
Donaldson Filtration Deutschland GmbH;Haan;NW;28.93;0;0;nein;0;0;0
Dortmunder Energie- und Wasserversorgung Gesellschaft mit beschränkter Haftung;Dortmund;NW;35;999061000;1073;nein;18;5;0
Dortmunder Stadtwerke Aktiengesellschaft;Dortmund;NW;35;3183431000;3630;nein;20;4;0
Douglas GmbH;Düsseldorf;NW;46.45.0;0;0;nein;12;6;0
Dow Olefinverbund GmbH;Schkopau;ST;20.59;79940000000;0;nein;12;4;0
Dr. Hönle Aktiengesellschaft;Gräfelfing;BY;28.99.0;125523000;618;nein;3;0;1
Dr. Johannes Heidenhain Gesellschaft mit beschränkter Haftung;Traunreut;BY;46.69.2;2046467304;7915;nein;12;2;0
Dr. Rehfeld Fashion Aktiengesellschaft;Hamburg;HH;64.20;155844653;3570;nein;3;0;0
Drees & Sommer SE;Stuttgart;BW;64.20;161686524;2639;nein;6;1;0
Dresdner Kühlanlagenbau GmbH;Dresden;SN;28.99;0;0;nein;0;0;0
Dresdner Verkehrsbetriebe Aktiengesellschaft;Dresden;SN;49.31;0;0;nein;20;3;0
DREWAG - Stadtwerke Dresden GmbH;Dresden;SN;35;0;0;nein;18;4;0
DREWAG NETZ GmbH;Dresden;SN;35;0;0;nein;3;1;0
DSGF Deutsche Servicegesellschaft für Finanzdienstleister mbH;Köln;NW;64.99;0;0;nein;15;1;0
DSM Nutritional Products GmbH;Grenzach-Wyhlen;BW;10.89.0;0;0;nein;6;0;0
Duisburger Verkehrsgesellschaft Aktiengesellschaft;Duisburg;NW;49.31.0;0;0;nein;15;1;0
Duisburger Versorgungs- und Verkehrsgesellschaft mit beschränkter Haftung;Duisburg;NW;35;1033735033;4166;nein;20;6;0
Düker GmbH;Karlstadt;BY;28.29.0;0;0;nein;6;0;0
Duni GmbH;Bramsche;NI;17. Jan;0;0;nein;3;0;0
DuPont de Nemours (Deutschland) GmbH;Neu-Isenburg;HE;46.90.3;0;0;nein;6;0;0
Duravit Aktiengesellschaft;Hornberg;BW;23.42;349012419;6452;nein;6;1;0
Dürkopp Adler AG;Bielefeld;NW;28.29;172087000;1409;nein;6;2;1
Dürr Aktiengesellschaft;Stuttgart;BW;28;3411758000;8205;ja;12;1;
DVB Bank SE;Frankfurt am Main;HE;64.1;23344300000;636;nein;9;2;0
DXC Technology Deutschland GmbH;Bad Homburg v. d. Höhe;HE;72.19;33921000000;0;nein;12;6;0
Dyckerhoff GmbH;Wiesbaden;HE;08. Sep;2852126000;10157;nein;6;1;0
DZ BANK AG Deutsche Zentral-Genossenschaftsbank, Frankfurt am Main;Frankfurt am Main;HE;64.19.3;5,06E+11;30279;nein;20;4;0
DZ HYP AG;Hamburg und Münster;HH;64.19.4;0;0;nein;18;4;0
E-Plus Service GmbH;Düsseldorf;NW;61;0;0;nein;6;2;0
e.dialog Netz GmbH;Potsdam;BR;82.91.1;0;0;nein;9;3;0
E.DIS AG;Fürstenwalde/Spree;BR;27. Dez;0;0;nein;20;4;0
e.kundenservice Netz GmbH;Hamburg;HH;82.99;0;0;nein;12;2;0
E.ON Energie Deutschland GmbH;München;BY;35.1;0;0;nein;6;1;0
E.ON Energie Dialog GmbH;Potsdam;BR;96.09;0;0;nein;6;1;0
E.ON SE;Düsseldorf;NW;35;55950000000;42657;ja;12;2;
Eaton Germany GmbH;Baden-Baden;BW;71.12.2;0;0;nein;3;1;0
Eaton Industries GmbH;Bonn;NW;71.12.2;0;0;nein;6;1;0
ebm-papst Landshut GmbH;Landshut;BY;28.29;0;0;nein;0;0;0
Eckert & Ziegler Strahlen- und Medizintechnik AG;Berlin;BE;70.10.9;216987000;760;nein;6;1;1
Ed. Züblin Aktiengesellschaft;Stuttgart;BW;41;1907528;13983;nein;12;2;0
edding Aktiengesellschaft;Ahrensburg;SH;32.99;112002000;638;nein;3;1;1
EDEKA Handelsgesellschaft Südwest mit beschränkter Haftung;Offenburg;BW;46;1398653287;22418;nein;15;2;0
EDEKA Nordbayern-Sachsen-Thüringen eG;Rottendorf;BY;70.1;1171945000;7731;nein;8;1;0
EDEKA Nordbayern-Sachsen-Thüringen GmbH;Rottendorf;BY;46;611234000;7635;nein;9;1;0
EDEKA Südbayern Beteiligungsgesellschaft mbH;Gaimersheim;BY;46;1199270700;15475;nein;12;3;0
EDG Holding GmbH;Dortmund;NW;38.1;233453292;1194;nein;12;1;0
EGN Entsorgungsgesellschaft Niederrhein mbH;Viersen;NW;38;0;0;nein;3;1;0
EHG Service GmbH;Coesfeld;NW;70.10.1;525022423;10915;nein;0;0;0
EHL AG;Kruft;RP;23. Jun;0;0;nein;3;0;0
Elmos Semiconductor Aktiengesellschaft;Dortmund;NW;27.90.0;369097000;1250;nein;6;0;1
ElringKlinger AG;Stuttgart;BW;29.32;1878169000;7931;ja;12;3;
ElringKlinger Kunststofftechnik GmbH;Bietigheim-Bissingen;BW;22.29;0;0;nein;0;0;0
Elster GmbH;Wiesbaden;HE;82.99.9;0;0;nein;6;1;0
EnBW Energie Baden-Württemberg AG;Mannheim;BW;35;38535300000;20305;ja;20;4;
EnBW Kernkraft GmbH;Obrigheim;BW;35.11.2;0;0;nein;18;2;0
enercity Aktiengesellschaft;Hannover;NI;35.1;0;0;nein;20;3;0
Energie- und Wasserversorgung Bonn/Rhein-Sieg GmbH (EnW Bonn/Rhein-Sieg);Bonn;NW;35.12;0;0;nein;15;2;0
EnergieNetz Mitte GmbH;Kassel;HE;35;0;0;nein;21;1;0
Energieversorgung Offenbach Aktiengesellschaft;Offenbach am Main;HE;35;0;0;nein;14;2;0
Energieversorgungs- und Verkehrsgesellschaft mit beschränkter Haftung Aachen;Aachen;NW;82.99.9;667639350;1712;nein;15;2;0
ENGIE Deutschland AG;Berlin;BE;49.41;1,58E+11;0;nein;6;1;0
ENGIE Deutschland GmbH;Köln;NW;43.22;934011289;2642;nein;3;1;0
ENSO Energie Sachsen Ost AG;Dresden;SN;35;0;0;nein;18;2;0
ENSO NETZ GmbH;Dresden;SN;35;0;0;nein;3;1;0
ENTEGA AG;Darmstadt;HE;35;1562941000;1790;nein;20;2;0
envia Mitteldeutsche Energie AG;Chemnitz;SN;35;0;0;nein;20;4;0
Epigenomics AG;Berlin;BE;72.11.0;21827000;43;nein;4;1;1
Eppendorf AG;Hamburg;HH;46.46.2;869981000;3134;nein;6;1;0
equensWorldline GmbH;Frankfurt am Main;HE;62.01.9;0;0;nein;3;0;0
Erbslöh Aktiengesellschaft;Velbert;NW;46.72.2;496070197;2801;nein;6;0;0
ERGO Beratung und Vertrieb AG;Düsseldorf;NW;66.22.0;0;0;nein;12;2;0
ERGO Direkt Lebensversicherung Aktiengesellschaft;Fürth;BY;65.11;0;0;nein;3;0;0
ERGO Direkt Versicherung Aktiengesellschaft;Fürth;BY;65.1;0;0;nein;3;0;0
ERGO Group AG;Düsseldorf;NW;70.10.1;0;0;nein;16;6;0
ERGO Krankenversicherung AG;Fürth;BY;65.12.1;0;0;nein;3;0;0
Erlanger Stadtwerke Aktiengesellschaft;Erlangen;BY;35;267267306;616;nein;12;4;0
Ernst & Young GmbH Wirtschaftsprüfungsgesellschaft;Stuttgart;BW;69.20.1;1666143000;9668;nein;12;3;0
ESG Elektroniksystem- und Logistik-Gesellschaft mit beschränkter Haftung;München;BY;71.12.2;0;0;nein;3;0;0
ESWE Verkehrsgesellschaft mbH;Wiesbaden;HE;52.29.1;0;0;nein;12;2;0
ESWE Versorgungs AG;Wiesbaden;HE;36.00.2;0;0;nein;18;3;0
ETO MAGNETIC GmbH;Stockach;BW;71.12.2;0;0;nein;3;0;0
euro engineering Aktiengesellschaft;Düsseldorf;NW;71.12.9;0;0;nein;0;0;0
EUROGATE Technical Services GmbH;Bremerhaven;HB;52.29.9;0;0;nein;3;0;0
EUROPIPE GmbH;Mülheim an der Ruhr;NW;24.20.1;436592000;1087;nein;12;2;0
EUROVIA GmbH;Berlin;BE;46.73.4;0;0;nein;20;3;0
Evonik Industries AG;Essen;NW;20.59;19939000000;35803;ja;20;3;
Evonik Logistics Services GmbH;Marl;NW;52.29.9;0;0;nein;6;1;0
Evonik Nutrition & Care GmbH;Essen;NW;20.59.0;0;0;nein;4;0;0
Evonik Performance Materials GmbH;Essen;NW;20.59.0;0;0;nein;4;0;0
Evonik Resource Efficiency GmbH;Essen;NW;72.19;0;0;nein;12;0;0
Evonik Technology & Infrastructure GmbH;Essen;NW;20.59.0;0;0;nein;12;0;0
Evotec AG;Hamburg;HH;72.11.0;667268000;1652;nein;6;2;1
EWE Aktiengesellschaft;Oldenburg;NI;70.10;9097100000;8964;nein;20;3;0
EWE NETZ GmbH;Oldenburg;NI;96.09;0;0;nein;20;1;0
EWN Entsorgungswerk für Nuklearanlagen GmbH;Rubenow;MV;43.11;474666580;1867;nein;8;3;0
EWR Aktiengesellschaft;Worms;RP;35.1;342489000;463;nein;12;2;0
EYEMAXX Real Estate AG;Aschaffenburg;BY;64.20;226531000;53;nein;3;0;1
Federal-Mogul Bremsbelag GmbH;Glinde;SH;46.69.2;0;0;nein;6;1;0
Federal-Mogul Holding Deutschland GmbH;Wiesbaden;HE;70.10.1;1089884286;9836;nein;12;3;0
Fels-Werke GmbH;Goslar;NI;08. Nov;0;0;nein;6;1;0
Fendt-Caravan GmbH;Mertingen;BY;29. Jan;0;0;nein;0;0;0
Fernheizwerk Neukölln Aktiengesellschaft;Berlin;BE;35;0;0;nein;6;0;1
FES Frankfurter Entsorgungs- und Service GmbH;Frankfurt am Main;HE;38;121263771;1710;nein;16;4;0
Fiducia & GAD IT AG;Frankfurt am Main;HE;46.14.5;1041138027;6274;nein;20;3;0
Fiege Mega Center Logistik GmbH;Ibbenbüren;NW;49.41.0;0;0;nein;0;0;0
Fielmann Aktiengesellschaft;Hamburg;HH;32.50.1;913534000;11916;ja;16;4;
First Sensor AG;Berlin;BE;26.11.2009;168383000;835;nein;4;0;1
FLACHGLAS Wernberg GmbH;Wernberg-Köblitz;BY;23;75909281;883;nein;6;1;0
Fleggaard GmbH;Harrislee;SH;46.90;0;0;nein;0;0;0
Flender Industriegetriebe GmbH;Penig;SN;28.15;0;0;nein;3;1;0
Flughafen Düsseldorf GmbH;Düsseldorf;NW;52.23.1;993393909;2139;nein;20;3;0
Flughafen Hamburg Gesellschaft mit beschränkter Haftung;Hamburg;HH;52.23.1;622783265;2013;nein;15;3;0
Flughafen Hannover-Langenhagen Gesellschaft mit beschränkter Haftung;Hannover;NI;52.23.1;350766892;1287;nein;12;3;0
Flughafen Köln/Bonn Gesellschaft mit beschränkter Haftung;Köln;NW;52.23.1;0;0;nein;15;4;0
Flughafen München Gesellschaft mit beschränkter Haftung;München;BY;52.23.1;5306284000;9316;nein;16;5;0
Flughafen Stuttgart Gesellschaft mit beschränkter Haftung;Stuttgart;BW;52.23.1;709064000;1823;nein;12;3;0
Ford Deutschland Holding GmbH;Köln;NW;64.2;10145100000;26682;nein;20;3;0
Ford-Werke GmbH;Köln;NW;29;0;0;nein;20;4;0
Framode GmbH;Willstätt;BW;47.71.0;0;0;nein;0;0;0
FRANKFURTER VOLKSBANK EG;Frankfurt am Main;HE;64.19.3;0;0;nein;24;3;0
Franz Haniel & Cie. GmbH;Duisburg;NW;64.2;7368000000;18481;nein;12;1;0
Fraport AG Frankfurt Airport Services Worldwide;Frankfurt am Main;HE;52.23.1;8872800000;19372;ja;20;4;
freenet AG;Kiel;SH;61.90.1;4284759000;4921;ja;12;4;
Freiburger Verkehrs Aktiengesellschaft;Freiburg im Breisgau;BW;49.31.0;0;0;nein;21;4;0
Fresenius SE & Co. KGaA;Bad Homburg v.d.H.;HE;46.46.2;53133000000;269349;ja;12;0;
FRIATEC Aktiengesellschaft;Mannheim;BW;20.16;0;0;nein;3;0;0
FRIATEC GmbH;Mannheim;BW;71.12.9;0;0;nein;3;0;0
FrieslandCampina Germany GmbH;Heilbronn;BW;46.33;8424000000;22049;nein;9;3;0
FRoSTA Aktiengesellschaft;Bremerhaven;HB;46.3;328627000;1746;nein;3;0;0
FTI Touristik GmbH;München;BY;79.1;849681361;7149;nein;0;0;0
FUCHS PETROLUB SE;Mannheim;BW;19.20.0;1891000000;5216;nein;6;2;1
Fujitsu TDS GmbH;Neckarsulm;BW;62.09;0;0;nein;3;0;0
Fujitsu Technology Solutions GmbH;München;BY;26. Feb;0;0;nein;12;5;0
G. I. S. Gesellschaft für Industrieservice AKTIENGESELLSCHAFT;Karlstein;BY;81.22;0;0;nein;3;0;0
G. Kaiser HOLISTIC CAPITAL GmbH;Berlin;BE;70.10.9;44375720;1477;nein;0;0;0
Gambro Dialysatoren GmbH;Hechingen;BW;32.50.1;0;0;nein;6;1;0
Gardner Denver Deutschland GmbH;Bad Neustadt a.d. Saale;BY;46.69.2;0;0;nein;0;0;0
GASAG AG;Berlin;BE;35;2009737000;1619;nein;21;2;0
GE Power GmbH;Mannheim;BW;64.20;0;295000;nein;13;1;0
GEA Farm Technologies GmbH;Bönen;NW;46.61;0;0;nein;3;1;0
GEA Group Aktiengesellschaft;Düsseldorf;NW;24;6107937000;17065;ja;12;3;
GEA Westfalia Separator Group GmbH;Oelde;NW;28.29;0;0;nein;12;0;0
Geberit Mapress GmbH;Langenfeld;NW;24. Feb;0;0;nein;3;0;0
GEDIA Gebrüder Dingerkus GmbH;Attendorn;NW;22.29;0;0;nein;0;0;0
GEFA BANK GmbH;Wuppertal;NW;64.1;0;0;nein;6;0;0
GEG Gebäudedienste GmbH;Lonsheim;RP;81.21;0;0;nein;0;0;0
GELITA AG;Eberbach;BW;20.59.0;628863000;2495;nein;6;2;0
GELSENWASSER AG;Gelsenkirchen;NW;36.0;1763200000;1460;nein;12;1;1
Generali Deutschland AG;München;BY;65.2;0;0;nein;16;4;0
Generali Deutschland Informatik Services GmbH;Aachen;NW;62.02.0;0;0;nein;6;0;0
Generali Deutschland Schadenmanagement GmbH;Köln;NW;74.90.0;0;0;nein;6;0;0
Generali Deutschland Services GmbH;Aachen;NW;70.22;0;0;nein;5;0;0
Generali Lebensversicherung Aktiengesellschaft;München;BY;65.11;0;0;nein;3;1;0
Generali Versicherung Aktiengesellschaft;München;BY;65.1;0;0;nein;4;1;0
Gerresheimer AG;Düsseldorf;NW;46.76.0;2444097000;9568;ja;12;4;
Gerry Weber International Aktiengesellschaft;Gütersloh;NW;14. Jan;789906800;5259;ja;12;3;
Gess & Partner GmbH;Düsseldorf;NW;78.20;26914559;1798;nein;0;0;0
Gesundheit Nordhessen Holding AG;Kassel;HE;70.10.1;327523080;4804;nein;18;9;0
Gesundheitseinrichtungen Hameln-Pyrmont GmbH;Hameln;NI;86.90.9;0;0;nein;9;2;0
GETRAG FORD Transmissions GmbH;Köln;NW;28.15;1114653000;4484;nein;3;0;0
GEWOBAG Wohnungsbau-Aktiengesellschaft Berlin;Berlin;BE;41.20.1;2694009015;556;nein;9;2;0
GfK SE;Nürnberg;BY;70.2;1293250000;12669;nein;10;3;1
Giesecke+Devrient Gesellschaft mit beschränkter Haftung;München;BY;28.23.0;2142100000;11373;nein;12;5;0
Gigaset AG;München;BY;70.22;213074000;841;nein;6;1;1
Gigaset Communications GmbH;Bocholt;NW;71.12.2;0;0;nein;6;2;0
GISA GmbH;Halle (Saale);ST;70.22.0;0;0;nein;12;1;0
GKN Driveline Deutschland GmbH;Offenbach am Main;HE;28;0;0;nein;12;3;0
GKN Walterscheid GmbH;Lohmar;NW;28.99.0;0;0;nein;6;2;0
Globetrotter Ausrüstung GmbH;Hamburg;HH;46.49.2;0;0;nein;0;0;0
GLS Gemeinschaftsbank e.G.;Bochum;NW;64.1;5225465832;519;nein;9;4;0
GMH Guss GmbH;Schwerte;NW;70.10.1;92346306;1885;nein;13;1;0
GNS Gesellschaft für Nuklear-Service mbH;Essen;NW;21.20.0;471606452;547;nein;6;0;0
Gonder Facility Services GmbH;Frankfurt am Main;HE;96.09;0;0;nein;0;0;0
Gonder Logistics GmbH;Frankfurt am Main;HE;52.29.9;0;0;nein;0;0;0
GoodMills Deutschland GmbH;Hamburg;HH;Okt 61;285386000;621;nein;6;0;0
Goodyear Dunlop Tires Germany GmbH;Hanau;HE;22.19;0;0;nein;16;5;0
Gothaer Finanzholding Aktiengesellschaft;Köln;NW;64.20;0;2802;nein;12;4;0
GRAMMER Aktiengesellschaft;Amberg;BY;29.32.0;1106968000;12483;ja;12;2;
GRENKE AG;Baden-Baden;BW;64.91.0;5876491000;1456;nein;6;2;1
Grohe AG;Hemer;NW;28.12.2000;1216236156;5790;nein;12;4;0
Grosskraftwerk Mannheim Aktiengesellschaft;Mannheim;BW;38.21.0;0;0;nein;18;1;0
Grünbeck Wasseraufbereitung GmbH;Höchstädt a.d.Donau;BY;28.29;0;0;nein;0;0;0
GRUNDFOS PUMPENFABRIK GMBH;Wahlstedt;SH;46.69.2;0;0;nein;0;0;0
Grünenthal GmbH;Aachen;NW;21. Feb;0;0;nein;5;1;0
GSW Immobilien AG;Berlin;BE;68.31;8326307000;241;nein;3;1;1
H.C. Starck GmbH;Goslar;NI;24;0;0;nein;8;0;0
HALLESCHE Krankenversicherung auf Gegenseitigkeit;Stuttgart;BW;65.12.1;0;0;nein;9;4;0
Hallesche Wasser und Stadtwirtschaft GmbH;Halle (Saale);ST;36;0;0;nein;12;4;0
HAMBORNER REIT AG;Duisburg;NW;68.32;0;0;nein;9;3;1
Hamburg Commercial Bank AG;Hamburg und Kiel;HH;66.19;70382000000;2219;nein;16;5;0
Hamburger Hafen und Logistik Aktiengesellschaft;Hamburg;HH;52;1835278000;5474;ja;12;2;
Hamburger Hochbahn Aktiengesellschaft;Hamburg;HH;49.31;0;0;nein;16;5;0
Hamburger Sparkasse AG;Hamburg;HH;64.19.2;0;0;nein;16;2;0
Hannover Rück SE;Hannover;NI;65;64508637000;3272;nein;9;4;1
Hannoversche Volksbank eG;Hannover;NI;66.19;0;0;nein;15;6;0
Hanon Systems Bad Homburg GmbH;Bad Homburg v. d. Höhe;HE;29.32;0;0;nein;0;0;0
HANSA Pflege & Residenzen GmbH;Oldenburg;NI;64.20;11544533;1828;nein;0;0;0
HanseMerkur Krankenversicherung AG;Hamburg;HH;65.12.1;0;0;nein;9;0;0
HanseWerk AG;Quickborn/Krs. Pinneberg;SH;35.1;0;0;nein;20;4;0
HanseYachts AG;Greifswald;MV;30. Dez;91477196;1447;nein;6;0;1
Hansgrohe SE;Schiltach;BW;25.99.3;826647262;4151;nein;6;0;0
Hapag-Lloyd Aktiengesellschaft;Hamburg;HH;52.29.2;11330900000;9176;ja;0;0;
Harro Höfliger Verpackungsmaschinen GmbH;Allmersbach im Tal;BW;28.29;133860204;954;nein;0;0;0
HAWESKO Holding Aktiengesellschaft;Hamburg;HH;70.1;289000000;1027;nein;6;1;1
Hays Professional Solutions GmbH;Düsseldorf;NW;70.22;0;0;nein;3;0;0
HDI Global SE;Hannover;NI;65.1;0;0;nein;6;1;0
HeidelbergCement AG;Mannheim;BW;46.73.1;37153800000;53729;ja;12;2;
HEITEC AG;Erlangen;BY;28.29;46273606;891;nein;3;0;0
HELIOS Albert-Schweitzer-Klinik Northeim GmbH;Northeim;NI;86.90;0;0;nein;6;1;0
HELIOS Dr. Horst Schmidt Kliniken Wiesbaden GmbH;Wiesbaden;HE;86.10;0;0;nein;16;6;0
HELIOS Fachklinik Schleswig GmbH;Schleswig;SH;86.10;0;0;nein;3;0;0
HELIOS Fachkliniken Hildburghausen GmbH;Hildburghausen;TH;86.1;0;0;nein;0;0;0
HELIOS Frankenwaldklinik Kronach GmbH;Kronach;BY;86.10.1;0;0;nein;0;0;0
HELIOS Klinik Schleswig GmbH;Schleswig;SH;86.1;0;0;nein;3;1;0
HELIOS Kliniken Mittelweser GmbH;Nienburg/Weser;NI;86.10.1;0;0;nein;0;0;0
HELIOS Kliniken München GmbH;München;BY;86.10.1;0;0;nein;0;0;0
HELIOS Kliniken Schwerin GmbH;Schwerin;MV;86.10.1;0;0;nein;12;5;0
HELIOS Klinikum Duisburg GmbH;Duisburg;NW;86.10.1;0;0;nein;3;0;0
HELIOS Klinikum Emil von Behring GmbH;Berlin;BE;86.10.1;0;0;nein;3;2;0
HELIOS Klinikum Erfurt GmbH;Erfurt;TH;86.10.1;0;0;nein;0;0;0
HELIOS Klinikum Gifhorn GmbH;Gifhorn;NI;86.10.1;0;0;nein;0;0;0
HELIOS Klinikum Gotha GmbH;Gotha;TH;86.10.1;0;0;nein;9;4;0
HELIOS Klinikum Hildesheim GmbH;Hildesheim;NI;86.10.1;0;0;nein;9;2;0
HELIOS Klinikum Krefeld GmbH;Krefeld;NW;86.10.1;0;0;nein;12;4;0
HELIOS Klinikum Pforzheim GmbH;Pforzheim;BW;86.10.1;0;0;nein;9;3;0
HELIOS Klinikum Salzgitter GmbH;Salzgitter;NI;86.10.1;0;0;nein;9;3;0
HELIOS Klinikum Siegburg GmbH;Siegburg;NW;86.10.1;0;0;nein;0;0;0
HELIOS Klinikum Wuppertal GmbH;Wuppertal;NW;86.10.1;0;0;nein;12;6;0
HELIOS Park-Klinikum Leipzig GmbH;Leipzig;SN;86.10.1;0;0;nein;0;0;0
HELU KABEL GmbH;Hemmingen;BW;27.32.0;338651844;1442;nein;0;0;0
Henkel AG & Co. KGaA;Düsseldorf;NW;20.41;27917000000;49950;ja;16;7;
HERAEUS HOLDING Gesellschaft mit beschränkter Haftung;Hanau;HE;64.20;4829300000;12672;nein;12;3;0
HERRENKNECHT AKTIENGESELLSCHAFT;Schwanau;BW;28;958669000;3914;nein;12;2;0
Hertz Autovermietung GmbH;Eschborn;HE;77.11;0;0;nein;0;0;0
Hewlett-Packard GmbH;Böblingen;BW;26.20.0;0;0;nein;0;0;0
Hirschvogel Holding GmbH;Denklingen;BY;70.10.1;883262000;5481;nein;0;0;0
Hobby-Wohnwagenwerk Ing. Harald Striewski GmbH;Fockbek;SH;29.10.2001;374301319;1490;nein;0;0;0
HOCHLAND SE;Heimenkirch;BY;70.10.1;880212000;4521;nein;6;2;0
HOCHTIEF Aktiengesellschaft;Essen;NW;42;13348758000;3397;ja;16;1;
Holcim (Deutschland) GmbH;Hamburg;HH;23.51;0;0;nein;3;1;0
Homag Group AG;Schopfloch;BW;70.1;610840000;5173;nein;12;3;0
Home Shopping Europe GmbH;Ismaning;BY;46.52;0;0;nein;3;0;0
HOPPE Aktiengesellschaft;Stadtallendorf;HE;25.72.0;0;0;nein;3;0;0
Hörmann Automotive Gustavsburg GmbH;Ginsheim-Gustavsburg;HE;25.50.4;0;0;nein;2;0;0
Hörmann Automotive Penzberg GmbH;Penzberg;BY;25. Dez;0;0;nein;3;0;0
HORNBACH Baumarkt AG;Landau;RP;47.52.1;1959885000;10280;ja;12;2;
HOSOKAWA ALPINE Aktiengesellschaft;Augsburg;BY;28.41.0;202667408;756;nein;3;0;0
HotelInvest Holding GmbH;München;BY;64.20;1210330505;4018;nein;12;2;0
Hottinger Baldwin Messtechnik Gesellschaft mit beschränkter Haftung;Darmstadt;HE;26.51;0;0;nein;3;0;0
HSBC Trinkaus & Burkhardt AG;Düsseldorf;NW;64.19;24278900000;2879;ja;0;0;
HUBER Packaging Group GmbH;Öhringen;BW;46.69;0;0;nein;3;0;0
HUGO BOSS AG;Stuttgart;BW;14. Jan;1720047000;15970;ja;12;1;
HUK-COBURG Haftpflicht-Unterstützungs-Kasse kraftfahrender Beamter Deutschlands a.G. in Coburg;Coburg;BY;22.22.0;33372203673;9804;nein;9;3;0
Hüttenwerke Krupp Mannesmann Gesellschaft mit beschränkter Haftung;Duisburg;NW;24. Jan;0;0;nein;15;1;0
HYPOPORT AG;Berlin;BE;70.22;305618000;1356;nein;3;0;1
IAV GmbH Ingenieurgesellschaft Auto und Verkehr;Berlin;BE;70.22.0;521316000;6563;nein;12;1;0
IBM Deutschland GmbH;Ehningen;BW;26.20.0;0;0;nein;12;4;0
IBM Deutschland Management & Business Support GmbH;Ehningen;BW;70.22;0;0;nein;12;3;0
IBM Deutschland Research & Development GmbH;Böblingen;BW;82.99;0;0;nein;3;2;0
IKB Deutsche Industriebank Aktiengesellschaft;Düsseldorf;NW;64.19;17217800000;1195;nein;9;1;0
IMA Klessmann GmbH Holzbearbeitungssysteme;Lübbecke;NW;25.73.2;128191631;1468;nein;3;0;0
INEOS Köln GmbH;Köln;NW;46.75;0;0;nein;12;1;0
Infineon Technologies AG;München;BY;26.11.2009;9945000000;10124;ja;16;6;
Infineon Technologies Dresden GmbH;Dresden;SN;27.90;0;0;nein;12;4;0
InfraLeuna GmbH;Leuna;ST;35;0;0;nein;3;0;0
ING-DiBa AG;Frankfurt am Main;HE;64.19;1,62E+11;3624;nein;12;3;0
Ingersoll Werkzeuge GmbH;Haiger;HE;25.73;0;0;nein;0;0;0
init innovation in traffic systems SE;Karlsruhe;BW;70.10.1;168461000;796;nein;3;0;1
innogy Netze Deutschland GmbH;Essen;NW;35;0;0;nein;0;0;0
innogy SE;Essen;NW;35;46814000000;42104;ja;0;0;
Intel Deutschland GmbH;München;BY;62.09.0;1,13E+11;0;nein;12;3;0
INTER Krankenversicherung AG;Mannheim;BW;65.12.1;0;0;nein;9;2;0
INTER Versicherungsverein aG;Mannheim;BW;65.12.2;9504587000;1535;nein;6;1;0
INTERHYP AG;München;BY;66.19;0;0;nein;6;1;0
IQVIA IES Germany GmbH;Mannheim;BW;96.09;0;0;nein;0;0;0
itelligence AG;Bielefeld;NW;64.20;577980000;6267;nein;6;0;0
ITERGO Informationstechnologie GmbH;Düsseldorf;NW;62.0;0;0;nein;3;0;0
ITK Engineering GmbH;Rülzheim;RP;62.01;0;0;nein;3;1;0
Iveco Magirus Aktiengesellschaft;UIm;BW;72.19.0;0;0;nein;12;1;0
IVU Traffic Technologies AG;Berlin;BE;62.0;79379000;558;nein;3;2;1
J. Bünting Beteiligungs AG;Leer;NI;66;425696000;13565;nein;16;3;0
JANSSEN-CILAG GmbH;Neuss;NW;21. Feb;0;0;nein;3;1;0
Jeans Fritz Handelsgesellschaft für Mode mbH;Hüllhorst;NW;47.71;0;0;nein;0;0;0
JENOPTIK Aktiengesellschaft;Jena;TH;26. Jul;889126000;3500;ja;12;3;
Joh. Friedrich Behrens Aktiengesellschaft;Ahrensburg;SH;64.20;94919000;419;nein;6;0;1
Johnson & Johnson GmbH;Neuss;NW;20.42;0;0;nein;3;2;0
JOST Werke AG;Neu-Isenburg;HE;64.20;619952000;2844;nein;6;1;1
JT International Germany GmbH;Trier;RP;12;0;0;nein;6;1;0
Jungheinrich Aktiengesellschaft;Hamburg;HH;28.22.0;4129544000;15164;ja;12;2;
K+S Aktiengesellschaft;Kassel;HE;08.91.0;9754400000;14149;ja;16;2;
Kabel Deutschland Holding AG;Unterföhring;BY;60.20;3050004671;3699;nein;12;5;0
Kampmann GmbH;Lingen;NI;25.21;58645717;780;nein;3;0;0
Kao Germany GmbH;Darmstadt;HE;46.75.0;292811000;1191;nein;6;1;0
Karstadt Warenhaus GmbH;Essen;NW;47.78.9;0;0;nein;20;5;0
Kasseler Verkehrs- und Versorgungs-GmbH;Kassel;HE;35.1;889330682;1866;nein;18;3;0
Kasseler Verkehrs-Gesellschaft Aktiengesellschaft;Kassel;HE;49.39.9;0;0;nein;12;4;0
Kernkraftwerk Gundremmingen GmbH;Gundremmingen;BY;70.10;0;0;nein;6;0;0
Kerntechnische Entsorgung Karlsruhe GmbH;Eggenstein-Leopoldshafen;BW;81.29.2;0;0;nein;6;1;0
KfW IPEX-Bank GmbH;Frankfurt am Main;HE;66.19.0;0;0;nein;9;1;0
KHD Humboldt Wedag International AG;Köln;NW;70.10;270393000;687;nein;3;1;1
KHS GmbH;Dortmund;NW;28.29;0;0;nein;12;0;0
Kiekert Aktiengesellschaft;Heiligenhaus;NW;22.29;515821851;4946;nein;6;0;0
KION GROUP AG;Wiesbaden;HE;46.69.1;11228400000;9127;ja;16;3;
KLENK HOLZ Aktiengesellschaft;Oberrot;BW;16. Jan;164152885;957;nein;3;0;0
Klenk Holz GmbH;Oberrot;BW;16. Okt;0;0;nein;3;0;0
Kling Automaten GmbH;Baindt;BW;92.00.1;0;0;nein;0;0;0
Klingelnberg GmbH.;Hückeswagen;NW;28.99.0;0;0;nein;3;0;0
Kliniken Beelitz GmbH;Beelitz-Heilstätten;BR;70.10.1;0;0;nein;3;0;0
Kliniken Miltenberg-Erlenbach GmbH;Erlenbach;BY;70.10.1;0;0;nein;0;0;0
Klinikum Dahme-Spreewald GmbH;Lübben (Spreewald);BR;70.10.1;0;0;nein;12;5;0
Klinikum Kassel GmbH;Kassel;HE;86.10.1;0;0;nein;10;3;0
Klöckner & Co SE;Duisburg;NW;46.15.4;3061355000;8380;nein;6;1;1
KNAUF INTERFER SE;Essen;NW;46.72.1;342552000;1607;nein;3;0;0
Knorr-Bremse Aktiengesellschaft;München;BY;45.31.0;4799731000;23811;nein;11;1;0
Koelnmesse GmbH;Köln;NW;82.30.0;334183814;804;nein;21;6;0
Koenig & Bauer AG;Würzburg;BY;28.99.0;1163900000;5131;ja;12;1;
Kölner Verkehrs-Betriebe Aktiengesellschaft;Köln;NW;52.2;0;0;nein;20;4;0
Kommunale Wasserwerke Leipzig GmbH;Leipzig;SN;36;0;0;nein;21;4;0
Konica Minolta Business Solutions Deutschland GmbH;Langenhagen;NI;46.49.4;0;0;nein;3;0;0
König + Neurath AG;Karben;HE;28.23;0;0;nein;3;0;0
Kontron S&T AG;Augsburg;BY;27.90;291126000;1255;nein;5;1;0
Koyo Bearings Deutschland GmbH;Halle;NW;46.69.2;0;0;nein;3;0;0
KPS AG;Unterföhring;BY;62.01.9;139867000;565;nein;3;0;1
KraussMaffei Berstorff GmbH;Hannover;NI;28.96;1752950000;4779;nein;3;0;0
KraussMaffei Group GmbH;München;BY;70.10.1;1752950000;4779;nein;12;2;0
KraussMaffei Technologies GmbH;München;BY;72.19.0;1752950000;4779;nein;3;1;0
KRONES Aktiengesellschaft;Regensburg;BY;82.92.0;3039818000;14426;ja;12;2;
Kronimus Aktiengesellschaft;Iffezheim;BW;23. Jun;55974492;552;nein;3;0;0
KS HUAYU AluTech GmbH;Neckarsulm;BW;24.42;221136000;1124;nein;9;1;0
KSB SE & Co. KGaA (früher KSB Aktiengesellschaft);Ludwigshafen a.Rhein (Ludwigshafen);RP;28. Jan;2350233000;15436;ja;12;1;
KSG GmbH;Gornsdorf;SN;26. Nov;0;0;nein;0;0;0
KUKA Aktiengesellschaft;Augsburg;BY;28. Jan;2640100000;13418;ja;12;1;
Kulmbacher Brauerei Aktien-Gesellschaft;Kulmbach;BY;70.10.1;169209000;844;nein;6;2;0
Kuraray Europe GmbH;Hattersheim am Main;HE;20.60.0;0;0;nein;3;0;0
Kursana Seniorenvilla GmbH;Berlin;BE;70.10.1;0;0;nein;0;0;0
Kursana Social Care GmbH;Berlin;BE;70.10.1;0;0;nein;0;0;0
Landesbank Berlin AG;Berlin;BE;64.19.2;0;0;nein;19;3;0
LANXESS Aktiengesellschaft;Köln;NW;20. Mai;10396000000;18527;ja;12;2;
Läpple Automotive GmbH;Teublitz;BY;46.72;0;0;nein;3;0;0
Lausitzer und Mitteldeutsche Bergbau-Verwaltungsgesellschaft mbH;Senftenberg;BR;70.10.9;0;0;nein;9;4;0
Lear Corporation GmbH;Ginsheim-Gustavsburg;HE;46.72;0;0;nein;12;3;0
Lechwerke AG;Augsburg;BY;35.11;0;1803;nein;9;1;0
LEDVANCE GmbH;Garching bei München;BY;71.12.2;1211200000;7315;nein;12;3;0
LEG Immobilien AG;Düsseldorf;NW;70.10.9;11194200000;1314;nein;6;1;1
LEG Wohnen NRW GmbH;Düsseldorf;NW;68.32;0;0;nein;6;1;0
Leica Camera Aktiengesellschaft;Wetzlar;HE;26. Jul;461054000;2021;nein;6;1;0
Leica Microsystems CMS GmbH;Wetzlar;HE;26.51.1;0;0;nein;3;0;0
LEIPA Georg Leinfelder GmbH;Schwedt/Oder;BR;17;0;0;nein;3;0;0
LEIPA Group GmbH;Schwedt/Oder;BR;70.10.1;439238999;1445;nein;6;1;0
Leipziger Verkehrsbetriebe (LVB) Gesellschaft mit beschränkter Haftung;Leipzig;SN;49.31.0;0;0;nein;20;5;0
Lenze SE (Societas Europaea);Aerzen;NI;70.10.1;466320000;3394;nein;6;0;0
LEONI AG;Nürnberg;BY;46.90.2;3126310000;83471;ja;12;2;
LEW Verteilnetz GmbH;Augsburg;BY;27.90;0;0;nein;6;1;0
LEWA GmbH;Leonberg;BW;46.69.2;0;0;nein;6;0;0
Liebherr-Aerospace Lindenberg GmbH;Lindenberg/Allgäu;BY;30. Mrz;12661000000;42308;nein;3;0;0
Liebherr-Components Biberach GmbH;Biberach an der Riß;BW;28.15;0;0;nein;3;0;0
Liebherr-Elektronik GmbH;Lindau (B);BY;26.51.1;0;0;nein;3;0;0
Liebherr-Hausgeräte Ochsenhausen GmbH;Ochsenhausen;BW;28.25.0;0;0;nein;3;0;0
Liebherr-Hydraulikbagger GmbH;Kirchdorf an der Iller;BW;28.92.2;0;0;nein;3;0;0
Liebherr-MCCtec Rostock GmbH;Rostock;MV;28.22;0;0;nein;3;0;0
Liebherr-Mischtechnik GmbH;Bad Schussenried;BW;28;0;0;nein;3;0;0
Liebherr-Verzahntechnik GmbH;Kempten (Allgäu);BY;28;12661000000;42308;nein;3;0;0
Liebherr-Werk Biberach GmbH;Biberach an der Riß;BW;28.22;0;0;nein;3;0;0
Liebherr-Werk Ehingen GmbH;Ehingen Donau;BW;28.22;12661000000;42308;nein;3;0;0
Lindauer DORNIER Gesellschaft mit beschränkter Haftung;Lindau;BY;28.94;0;0;nein;3;0;0
Linde Material Handling GmbH;Aschaffenburg;BY;46.63.0;0;0;nein;10;2;0
Lindner Hotels Aktiengesellschaft;Düsseldorf;NW;70.10.1;46693794;1168;nein;3;0;0
Litens Automotive GmbH;Gelnhausen;HE;29.32;0;0;nein;0;0;0
LOHMANN & Co. AKTIENGESELLSCHAFT;Rechterfeld;NI;46.32;669942732;1892;nein;3;0;0
Lotto24 AG;Hamburg;HH;26.80.0;0;0;nein;3;0;1
LPKF Laser & Electronics Aktiengesellschaft;Garbsen;NI;70.10.1;128792000;671;nein;3;0;1
LR Health & Beauty Systems GmbH;Ahlen;NW;46.45.0;0;0;nein;0;0;0
LS telcom Aktiengesellschaft;Lichtenau;BW;62.01.9;33042000;255;nein;3;0;1
Lübecker Hafen - Gesellschaft mit beschränkter Haftung;Lübeck;SH;52.1;125605384;615;nein;9;1;0
Ludwig Beck am Rathauseck -Textilhaus Feldmeier Aktiengesellschaft;München;BY;47.19.1;126478000;875;nein;6;2;1
Lufthansa AirPlus Servicekarten GmbH;Neu-Isenburg;HE;82.99;0;0;nein;9;2;0
Lufthansa Cargo Aktiengesellschaft;Frankfurt am Main;HE;52.29.1;0;0;nein;12;4;0
Lufthansa CityLine GmbH;München;BY;52.23.9;0;0;nein;12;3;0
Lufthansa Technik Aktiengesellschaft;Hamburg;HH;52.23.9;0;0;nein;16;5;0
Lufthansa Technik Logistik Services GmbH;Hamburg;HH;52.1;0;0;nein;6;0;0
Lufthansa Technik Maintenance International GmbH;Frankfurt am Main;HE;51.10;0;0;nein;6;0;0
LVM Landwirtschaftlicher Versicherungsverein Münster a. G.;Münster;NW;70.10.1;21402423197;3865;nein;6;1;0
M.M.Warburg & CO (AG & Co.) Kommanditgesellschaft auf Aktien;Hamburg;HH;64.19.1;0;0;nein;3;0;0
M+W Group GmbH;Stuttgart;BW;70.10.1;1656278000;5714;nein;3;0;0
MÄC GEIZ Handelsgesellschaft mbH;Landsberg;ST;46.49;0;0;nein;0;0;0
MAG IAS GmbH;Eislingen;BW;28. Apr;0;0;nein;4;0;0
Magirus GmbH;Ulm;BW;29.2;0;0;nein;6;0;0
Magna Exteriors (Germany) GmbH;Sulzbach;SL;29.2;0;0;nein;6;0;0
Magna Exteriors Systems GmbH;Obertshausen;HE;29.2;0;0;nein;6;0;0
Magna International Stanztechnik GmbH;Salzgitter;NI;29.32;0;0;nein;0;0;0
Magna Seating (Germany) GmbH;Sailauf;BY;29. Mrz;0;0;nein;0;0;0
Magna Spiegelsysteme GmbH;Assamstadt;BW;29. Mrz;0;0;nein;0;0;0
MAHLE GmbH;Stuttgart;BW;29.32;8195149000;76703;nein;20;3;0
Mainova Aktiengesellschaft;Frankfurt am Main;HE;35.1;2715720000;2669;ja;20;5;
Mainzer Volksbank e.G.;Mainz;RP;64.19;0;0;nein;15;4;0
MAN SE;München;BY;29. Jan;20282000000;50336;ja;16;2;
Manitowoc Crane Group Germany GmbH;Wilhelmshaven;NI;30.99;0;0;nein;6;1;0
Mann + Hummel Holding GmbH;Ludwigsburg;BW;70.10.1;3767600000;16607;nein;13;1;0
Mannheimer Versicherung Aktiengesellschaft;Mannheim;BW;65.12.2;0;0;nein;9;3;0
Mannstaedt GmbH;Troisdorf;NW;24. Jan;0;0;nein;6;0;0
manroland sheetfed GmbH;Offenbach am Main;HE;24.51;633478000;4201;nein;3;0;0
manroland web Industriepark GmbH;Augsburg;BY;68.32.1;0;0;nein;0;0;0
Manz AG;Reutlingen;BW;33.20.0;345717000;0;nein;4;0;1
Maquet Cardiopulmonary GmbH;Rastatt;BW;72.19;0;0;nein;6;0;0
MAQUET GmbH;Rastatt;BW;32.50.1;0;0;nein;6;1;0
Marché Mövenpick Deutschland GmbH;Leinfelden-Echterdingen;BW;64.20;0;0;nein;0;0;0
Maritim Hotelgesellschaft mbH;Timmendorfer Strand;SH;70.10.1;0;0;nein;12;5;0
MARNA Beteiligungen AG;Hamburg;HH;46.69.1;226250162;104;nein;3;1;1
Marquardt GmbH;Rietheim-Weilheim;BW;26. Nov;0;0;nein;3;0;0
Marsh GmbH;Frankfurt am Main;HE;66.22.0;0;0;nein;3;0;0
Maschinenfabrik Berthold Hermle Aktiengesellschaft;Gosheim;BW;28.41;366326000;1147;nein;6;1;1
mateco GmbH;Stuttgart;BW;77.32;0;0;nein;0;0;0
Materna Information & Communications SE;Dortmund;NW;96;124424912;1705;nein;0;0;0
MATERNUS-Kliniken-Aktiengesellschaft;Berlin (Charlottenburg);BE;87.1;111001000;1910;ja;12;2;
MAX Automation AG;Düsseldorf;NW;82.99.9;306331000;1549;nein;3;0;1
MBB SE;Berlin;BE;64.20.0;725657000;2137;nein;4;0;1
MBDA Deutschland GmbH;Schrobenhausen;BY;26.51.2;719675000;1226;nein;3;0;0
MC Familiengesellschaft mbH;Tutzing;BY;71.12.2;2147500000;11373;nein;0;0;0
McKesson Europe AG;Stuttgart;BW;46.46.1;8081800000;34155;nein;12;4;0
MEDIAN West GmbH;Berlin;BE;86.10.1;151088220;2642;nein;12;3;0
MEGA eG;Hamburg;HH;46.73.4;263905342;1337;nein;12;1;0
Mercedes-Benz Bank AG;Stuttgart;BW;64.19;0;0;nein;12;2;0
Mercedes-Benz Bank Service Center GmbH;Berlin;BE;64.99;0;0;nein;3;2;0
Mercer Deutschland GmbH;Frankfurt am Main;HE;70.22;0;0;nein;3;0;0
Messe Berlin GmbH;Berlin;BE;82.3;277389000;874;nein;15;5;0
Messe Düsseldorf GmbH;Düsseldorf;NW;82.3;626978247;1020;nein;20;6;0
Messe München GmbH;München;BY;82.3;1121778162;1095;nein;18;4;0
METRO AG;Düsseldorf;NW;82.99.9;15779000000;115008;nein;20;8;1
METRO AG;Düsseldorf;NW;46;15779000000;151777;ja;20;5;
MHM Holding Gesellschaft mit beschränkter Haftung;Kirchheim;BY;70.10.1;609854579;3990;nein;3;0;0
MICHELIN REIFENWERKE AG & Co. Kommanditgesellschaft auf Aktien;Karlsruhe;BW;22. Nov;0;0;nein;12;3;0
Microsoft Deutschland GmbH;München;BY;46.51;0;0;nein;0;0;0
Miltenyi Biotec GmbH;Bergisch Gladbach;NW;32.50.1;325994000;1851;nein;0;0;0
Mitsubishi Hitachi Power Systems Europe GmbH;Duisburg;NW;28.99;5481927;0;nein;6;0;0
Mitteldeutsche Braunkohlengesellschaft mbH;Zeitz;ST;70.10.1;0;0;nein;11;0;0
Mitteldeutsche Netzgesellschaft Strom mbH;Halle/Saale;ST;35.1;0;0;nein;9;2;0
Mologen AG;Berlin;BE;72.1;0;0;nein;3;0;1
MorphoSys AG;Planegg;BY;72.1;538763757;327;nein;6;2;1
Mr. Wash Autoservice AG;Essen;NW;70.10.9;0;0;nein;3;1;0
msg life ag;Leinfelden-Echterdingen;BW;26.20.0;103578531;970;nein;3;0;0
msg systems AG;Ismaning;BY;26.20.0;0;0;nein;12;1;0
MTD Products Aktiengesellschaft;Saarbrücken;SL;28. Mrz;0;0;nein;6;0;0
MTU Aero Engines AG;München;BY;30.0.0;6049500000;8133;ja;12;2;
Münchener Rückversicherungs-Gesellschaft Aktiengesellschaft in München;München;BY;65.2;2,66E+11;19960;ja;20;8;
Münchener VEREIN Krankenversicherung a. G.;München;BY;65.12.1;6976598476;699;nein;12;1;0
MVV  Energie AG;Mannheim;BW;35.13;4712888000;5727;ja;20;4;
N-ERGIE Aktiengesellschaft;Nürnberg;BY;35.1;2195290000;2447;nein;20;5;0
Nassauische Heimstätte Wohnungs- und Entwicklungsgesellschaft mit beschränkter Haftung;Frankfurt am Main;HE;41.10.3;2233723314;723;nein;21;4;0
National-Bank Aktiengesellschaft;Essen;NW;64.19;0;0;nein;9;3;0
Nestlé Deutschland Aktiengesellschaft;Frankfurt am Main;HE;Okt 89;0;0;nein;14;5;0
NetCologne Gesellschaft für Telekommunikation mit beschränkter Haftung;Köln;NW;61.10.0;0;0;nein;15;0;0
Netzgesellschaft Düsseldorf mbH;Düsseldorf;NW;35.1;0;0;nein;6;0;0
Nintendo of Europe GmbH;Frankfurt am Main;HE;70.21;0;0;nein;0;0;0
NKD Deutschland GmbH;Bindlach;BY;46.90;0;0;nein;0;0;0
Nokia Solutions and Networks GmbH & Co. KG;München;BY;26. Mrz;0;0;nein;6;2;0
Nordex SE;Rostock;MV;70.10.1;3058536000;5385;nein;6;1;1
Nordland Papier GmbH;Dörpen;NI;17. Dez;0;0;nein;3;0;0
NORDWEST Handel AG;Dortmund;NW;66.19.0;234509000;349;nein;6;0;1
NordWestBahn GmbH (NWB);Osnabrück;NI;49.39.9;0;0;nein;0;0;0
Nordzucker AG;Braunschweig;NI;Okt 81;2182500000;3234;nein;15;3;0
Nordzucker Holding AG;Braunschweig;NI;64.20;2117437000;3236;nein;21;1;0
Novar GmbH;Albstadt;BW;46.69.2;0;0;nein;6;2;0
Novelis Deutschland GmbH;Göttingen;NI;24.42;8310000000;11970;nein;12;1;0
NOWEDA Apothekergenossenschaft eG;Essen;NW;46.46.2;1291823000;2706;nein;9;3;0
NÜRNBERGER Allgemeine Versicherungs-Aktiengesellschaft;Nürnberg;BY;65.2;0;0;nein;12;2;0
Nürnberger Beteiligungs- Aktiengesellschaft;Nürnberg;BY;70.10.1;30926448111;4187;nein;12;2;0
Nürnberger Lebensversicherung Aktiengesellschaft;Nürnberg;BY;65.11;0;0;nein;12;4;0
octeo MULTISERVICES GmbH;Duisburg;NW;81.21;0;0;nein;15;4;0
Open Grid Europe GmbH;Essen;NW;35;0;0;nein;6;0;0
Orsay GmbH;Willstätt;BW;14.13.1;0;0;nein;0;0;0
OSB AG Ingenieur- und IT-Dienstleistungen;München;BY;71.12.9;0;0;nein;3;0;0
OSRAM GmbH;München;BY;27.90;0;0;nein;12;4;0
OSRAM Licht AG;München;BY;27.40.0;4238000000;25934;ja;12;2;
OSRAM Opto Semiconductors Gesellschaft mit beschränkter Haftung;Regensburg;BY;27.90.0;0;0;nein;12;4;0
OTTO Aktiengesellschaft für Beteiligungen;Hamburg;HH;70.10;9221550000;51789;nein;3;0;0
Ottobock SE & Co. KGaA;Duderstadt;NI;46.46.2;0;0;nein;10;4;0
Outokumpu Nirosta GmbH;Krefeld;NW;25.99.3;0;0;nein;16;4;0
PAION AG;Aachen;NW;72.11.0;24323413;39;nein;5;2;1
Panalpina Welttransport (Deutschland) GmbH;Mörfelden-Walldorf;HE;52.29.9;0;0;nein;6;1;0
Panasonic Electric Works Europe AG;Ottobrunn;BY;26.51.2;0;0;nein;6;0;0
Panasonic Industry Europe GmbH;Langen (Hessen);HE;0;0;0;nein;6;0;0
Panasonic Industry Europe GmbH;Ottobrunn;BY;46.52.0;0;0;nein;6;0;0
Papierfabrik August Koehler SE;Oberkirch;BW;46.49.4;706516449;1748;nein;6;0;0
Paracelsus-Kliniken Deutschland GmbH & Co. KGaA;Osnabrück;NI;86.10.1;405962471;5416;nein;11;5;0
paragon GmbH & Co. KGaA;Delbrück;NW;96.09;311847000;808;nein;3;0;0
PAREXEL International GmbH;Berlin;BE;82.99;0;0;nein;0;0;0
Parker Hannifin GmbH;Bielefeld;NW;28.22;0;0;nein;12;2;0
PATRIZIA Immobilien AG;Augsburg;BY;70.10.9;1778446000;856;nein;3;0;1
PAUL HARTMANN AG;Heidenheim an der Brenz;BW;46.45.0;1431969000;10616;nein;12;3;0
PCK Raffinerie GmbH;Schwedt/Oder;BR;09.10.2000;0;0;nein;6;1;0
PEH Wertpapier AG;Frankfurt am Main;HE;66.30.0;46216293;113;nein;3;0;1
Pelikan Aktiengesellschaft;Berlin;BE;17.23;342560414;1767;nein;6;1;1
Pelikan Group GmbH;Berlin;BE;64.20;339125184;1652;nein;0;0;0
Pentair Germany GmbH;Straubenhardt;BW;70.10.1;510649000;1595;nein;0;0;0
Pepperl + Fuchs GmbH;Mannheim;BW;26.51.2;558716000;6088;nein;3;0;0
Peter Kattenbeck Gesellschaft mit beschränkter Haftung;Nürnberg;BY;81.21;0;0;nein;0;0;0
PFALZWERKE AKTIENGESELLSCHAFT;Ludwigshafen am Rhein;RP;35.14;1295432000;1047;nein;12;1;0
PFW Aerospace GmbH;Speyer;RP;30. Mrz;344935000;1962;nein;9;1;0
Phicomm AG;Unterhaching;BY;58;0;0;nein;3;1;1
Philip Morris Gesellschaft mit beschränkter Haftung;Gräfelfing;BY;12;0;0;nein;12;3;0
Philip Morris Manufacturing GmbH;Gräfelfing;BY;12;0;0;nein;3;1;0
Philips GmbH;Hamburg;HH;64.2;1064807000;4266;nein;12;4;0
Pieroth Wein AG;Burg-Layen;RP;11. Feb;205159;4254;nein;6;0;0
Pilkington Automotive Deutschland GmbH;Witten;NW;43.34.2;0;0;nein;6;0;0
Pilkington Deutschland AG;Gelsenkirchen;NW;43.34.2;0;0;nein;6;2;0
PIRELLI DEUTSCHLAND GmbH;Breuberg;HE;66;0;0;nein;12;0;0
PNE AG;Cuxhaven;NI;70.10.9;452606000;366;nein;6;1;1
Postcon Regional Rhein-Ruhr GmbH;Ratingen;NW;53.10.0;0;0;nein;0;0;0
Preh GmbH;Bad Neustadt a.d.Saale;BY;26.51.2;938932000;6931;nein;12;2;0
PreussenElektra GmbH;Hannover;NI;35.11.2;0;0;nein;12;2;0
PricewaterhouseCoopers GmbH Wirtschaftsprüfungsgesellschaft;Frankfurt am Main;HE;69.20;1561735769;11145;nein;12;4;0
Procter & Gamble GmbH;Schwalbach am Taunus;HE;20.41;0;0;nein;0;0;0
Procter & Gamble Manufacturing Berlin GmbH;Berlin;BE;25. Nov;0;0;nein;0;0;0
Procter & Gamble Manufacturing GmbH;Schwalbach am Taunus;HE;20.41;0;0;nein;12;5;0
Procter & Gamble Service GmbH;Schwalbach am Taunus;HE;28.29;0;0;nein;12;4;0
profine GmbH;Troisdorf;NW;22.29;0;0;nein;9;0;0
Progress-Werk Oberkirch Aktiengesellschaft;Oberkirch;BW;46.72.2;405607000;2790;nein;6;0;1
Provinzial Nord Brandkasse Aktiengesellschaft;Kiel;SH;65.12.2;0;0;nein;21;2;0
Provinzial NordWest Holding Aktiengesellschaft;Münster;NW;65.1;26614161000;3121;nein;20;6;0
Provinzial Rheinland Lebensversicherung AG Die Versicherung der Sparkassen;Düsseldorf;NW;65.11;0;0;nein;18;5;0
Provinzial Rheinland Versicherung AG Die Versicherung der Sparkassen;Düsseldorf;NW;65.12.2;0;0;nein;18;5;0
PSI Software AG;Berlin;BE;46.52.0;194010000;1641;nein;6;1;1
PUMA SE;Herzogenaurach;BY;46.42;3207200000;12192;nein;6;1;1
QSC AG;Köln;NW;61.10.0;283595000;1306;nein;6;2;1
R + V LEBENSVERSICHERUNG AKTIENGESELLSCHAFT;Wiesbaden;HE;65.1;0;0;nein;16;2;0
R. Stahl Aktiengesellschaft;Waldenburg;BW;46.52.0;227932000;1724;nein;9;2;1
R+V Allgemeine Versicherung Aktiengesellschaft;Wiesbaden;HE;65.1;0;0;nein;16;2;0
R+V VERSICHERUNG AG;Wiesbaden;HE;70.10.1;1,04E+11;13268;nein;16;3;0
RAG AKTIENGESELLSCHAFT;Essen;NW;05. Okt;0;0;nein;21;4;0
RAG Anthrazit Ibbenbüren GmbH;Ibbenbüren;NW;05. Jan;0;0;nein;11;0;0
Raiffeisen Waren GmbH;Kassel;HE;46.69.3;486061132;2232;nein;16;5;0
Ratiodata GmbH;Frankfurt am Main;HE;82.91.2;0;0;nein;12;0;0
RATIONAL Aktiengesellschaft;Landsberg am Lech;BY;77.29.0;604440000;2042;nein;6;0;1
Regio Kliniken GmbH;Elmshorn;SH;86.1;0;0;nein;12;3;0
regiobus Hannover GmbH;Hannover;NI;49.39.9;0;0;nein;15;3;0
Reich Consulting GmbH;Mellrichstadt;BY;70.22;93579224;1028;nein;0;0;0
Reichold Feinkost GmbH;Diez;RP;46.38.9;0;0;nein;0;0;0
REINZ-Dichtungs-GmbH;Neu-Ulm;BY;43.99.9;0;0;nein;3;0;0
Reischmann GmbH & Co. KGaA;Ravensburg;BW;46.42;0;0;nein;2;0;0
ReiseBank Aktiengesellschaft;Frankfurt am Main;HE;66.19;0;0;nein;6;1;0
RENAFAN GmbH;Berlin;BE;88.10.1;0;0;nein;0;0;0
Renault Deutschland AG;Brühl;NW;45.11;1,02E+11;120136;nein;6;0;0
Renk Aktiengesellschaft;Augsburg;BY;29.32.0;699997000;2112;ja;0;0;
REWE - Zentral-Aktiengesellschaft;Köln;NW;47.19.2;1813400000;2287;nein;18;2;0
REWE DORTMUND Großhandel eG;Dortmund;NW;64.2;261779746;1476;nein;11;1;0
REWE Group Buying GmbH;Köln;NW;46.3;0;0;nein;0;0;0
REWE-ZENTRALFINANZ eG;Köln;NW;64.92.1;19462500000;216327;nein;20;3;0
Rhein-Neckar-Verkehr GmbH;Mannheim;BW;49.39.9;0;0;nein;20;3;0
Rheinbahn AG;Düsseldorf;NW;49.31;0;0;nein;16;2;0
RheinEnergie AG;Köln;NW;35;0;0;nein;20;3;0
RheinLand Holding Aktiengesellschaft;Neuss;NW;70.10.1;1659951771;781;nein;6;1;0
Rheinmetall Aktiengesellschaft;Düsseldorf;NW;45.1;6186000000;11536;ja;16;2;
Rheinmetall Automotive AG;Neckarsulm;BW;70.10.1;0;0;nein;12;3;0
Rheinmetall MAN Military Vehicles GmbH;München;BY;71.12.2;0;0;nein;6;0;0
RHÖN-KLINIKUM Aktiengesellschaft;Schweinfurt;BY;68.32;173119000;16486;ja;20;4;
RHÖN-Reinigungsgesellschaft mbH;Bad Neustadt a.d.Saale;BY;96.09.0;0;0;nein;0;0;0
Robert Bosch Gesellschaft mit beschränkter Haftung;Stuttgart;BW;27.90.0;81870000000;402619;nein;20;4;0
Roche Diabetes Care GmbH;Mannheim;BW;46.46.2;0;0;nein;3;1;0
Roche Diagnostics Deutschland GmbH;Mannheim;BW;73.11;0;0;nein;3;1;0
Roche Diagnostics GmbH;Mannheim;BW;21. Feb;0;0;nein;16;3;0
ROCHE PHARMA AKTIENGESELLSCHAFT;Grenzach-WyhIen;BW;72.19.0;0;0;nein;3;1;0
Rocket Internet SE;Berlin;BE;70.10.1;4112100000;481;nein;4;0;1
Rodenstock GmbH;München;BY;26.70.0;0;0;nein;6;1;0
Rosenthal GmbH;Selb;BY;31.09.9;0;0;nein;3;1;0
ROTO FRANK Aktiengesellschaft;Leinfelden-Echterdingen;BW;16.23;434200427;4645;nein;6;1;0
RUAG Ammotec GmbH;Fürth;BY;46.49;0;0;nein;6;0;0
Ruhr Oel GmbH;Gelsenkirchen;NW;19. Feb;0;0;nein;12;2;0
RÜTGERS Germany GmbH;Castrop-Rauxel;NW;20;290587000;649;nein;12;3;0
Rutronik Elektronische Bauelemente GmbH;Ispringen;BW;26.11.2009;319962950;1465;nein;0;0;0
RWE Aktiengesellschaft;Essen;NW;35;69059000000;59333;ja;20;3;
RWE Generation SE;Essen;NW;35;0;0;nein;20;2;0
RWE Power Aktiengesellschaft;Köln und Essen;NW;05. Feb;0;0;nein;20;1;0
RWE Supply & Trading GmbH;Essen;NW;35.11;0;0;nein;9;2;0
S-Servicepartner Berlin GmbH;Berlin;BE;66.19;0;0;nein;6;1;0
S&G Automobil AG;Karlsruhe;BW;45.11;0;0;nein;3;0;0
SAF-HOLLAND GmbH;Bessenbach;BY;29. Mrz;998108000;3565;nein;3;1;0
Safari Holding GmbH;Bingen am Rhein;RP;64.20;533467000;2347;nein;0;0;0
SAG Vermögensverwaltung GmbH;Langen (Hessen);HE;64.2;1238984000;8005;nein;0;0;0
Salamander Industrie-Produkte GmbH;Türkheim (Bayern);BY;25.12.2000;111605932;1302;nein;6;0;0
Salzgitter Aktiengesellschaft;Braunschweig;NI;24. Jan;8449800000;23413;ja;21;4;
Sana HANSE-Klinikum Wismar GmbH;Wismar;MV;70.10;0;0;nein;9;5;0
Sana Kliniken Berlin-Brandenburg GmbH;Berlin;BE;70.10;0;0;nein;6;2;0
Sana Kliniken Ostholstein GmbH;Eutin;SH;70.10;0;0;nein;6;4;0
Sana Klinikum Hof GmbH;Hof;BY;86.10;0;0;nein;6;1;0
Sana-Klinikum Remscheid GmbH;Remscheid;NW;86.10;0;0;nein;9;3;0
Sanacorp eG Pharmazeutische Großhandlung;Planegg;BY;21. Jan;977208000;2733;nein;16;4;0
Sanacorp Pharmahandel GmbH;Planegg;BY;21. Jan;0;0;nein;16;4;0
Sanofi-Aventis Deutschland GmbH;Frankfurt am Main;HE;46.46.2;99826000000;0;nein;12;2;0
Santander Consumer Bank Aktiengesellschaft;Mönchengladbach;NW;64.19;0;0;nein;12;6;0
SAP SE;Mannheim;BW;63.1;42497000000;86999;ja;18;4;
Sappi Stockstadt GmbH;Stockstadt;BY;17. Dez;0;0;nein;3;0;0
Sartorius Aktiengesellschaft;Göttingen;NI;46.46.1;2297720000;7379;ja;12;3;
Sartorius Stedim Biotech GmbH;Göttingen;NI;0;0;0;nein;3;0;0
SCHACHTBAU NORDHAUSEN GmbH;Nordhausen;TH;25. Dez;0;0;nein;3;0;0
Schaeffler AG;Fürth;BY;26.20;11537000000;88697;ja;0;0;
Schaltbau Holding AG;München;BY;27.12.2000;396780000;2718;nein;6;1;1
Scheidt & Bachmann GmbH;Mönchengladbach;NW;26.20.0;333732808;2968;nein;6;0;0
SCHIESSER AG;Radolfzell am Bodensee;BW;14.19;0;0;nein;3;0;0
Schleswig-Holstein Netz AG;Quickborn/Krs. Pinneberg;SH;35.13;0;0;nein;12;0;0
Schneider Electric Sachsenwerk GmbH;Regensburg;BY;28.92.2;0;0;nein;6;2;0
SCHOTT AG;Mainz;RP;23.19;2350807000;14820;nein;12;1;0
SCHUFA Holding AG;Wiesbaden;HE;66;0;0;nein;9;0;0
Schuler Aktiengesellschaft;Göppingen;BW;82.3;6265348000;25404;nein;12;4;0
Schuler Pressen GmbH;Göppingen;BW;28.92.2;0;0;nein;12;6;0
Schuller GmbH;Wertheim;BW;23.19.0;0;0;nein;3;1;0
Schwäbisch Hall Kreditservice GmbH;Schwäbisch Hall;BW;66.19.0;0;0;nein;12;3;0
Schwing GmbH;Herne;NW;28.92.2;0;0;nein;3;0;0
Scout24 AG;München;BY;64.2;2464688000;1552;nein;6;2;1
secunet Security Networks Aktiengesellschaft;Essen;NW;62.02.0;145209400;567;nein;6;0;1
SEISSENSCHMIDT GmbH;Plettenberg;NW;46.74.1;0;0;nein;3;0;0
Sempell GmbH;Korschenbroich;NW;28.14;0;0;nein;3;1;0
Serval Gebäudemanagement und Industrietechnik GmbH;Zwickau;SN;81.21.0;0;0;nein;0;0;0
Service Gesellschaft Sozialstiftung Bamberg mbH;Bamberg;BY;88.10.1;0;0;nein;3;0;0
SEVEN PRINCIPLES AG;Köln;NW;26.20.0;30988404;507;nein;3;0;0
SGL Carbon SE;Wiesbaden;HE;23.99.0;1541700000;4028;ja;12;3;
SGS INSTITUT FRESENIUS GmbH;Taunusstein;HE;71.20.0;0;0;nein;3;0;0
SHBB Steuerberatungsgesellschaft mbH;Kiel;SH;69.20.3;29915596;1075;nein;6;2;0
Shell Deutschland Oil GmbH;Hamburg;HH;19. Feb;0;0;nein;12;3;0
SHW AG;Aalen;BW;25;286794000;1572;nein;9;0;1
SICK AG;Waldkirch;BW;26.51.1;1066201000;8162;nein;12;1;0
Siegwerk Druckfarben AG & Co. KGaA;Siegburg;NW;20.30.0;0;0;nein;3;0;0
Siemens Aktiengesellschaft;München;BY;27.90;1,34E+11;363000;ja;20;6;
Siemens Healthcare Diagnostics Products GmbH;Marburg;HE;26.60.0;0;0;nein;3;0;0
Siemens Healthcare GmbH;München;BY;70.10.9;0;0;nein;16;4;0
Siemens Mobility GmbH;München;BY;72;0;0;nein;16;5;0
SIG Combibloc GmbH;Linnich;NW;17. Dez;0;0;nein;6;0;0
Sika Holding GmbH;Stuttgart;BW;70.10;273731293;1736;nein;6;1;0
Siltronic AG;München;BY;27.90;1252400000;2298;ja;0;0;
SIMONA Aktiengesellschaft;Kirn/Nahe;RP;22. Feb;400894000;1327;nein;6;0;1
Singulus Technologies Aktiengesellschaft;Kahl am Main;BY;28.29;104100000;327;nein;3;1;1
Sivantos GmbH;Erlangen;BY;26.60.0;0;0;nein;3;0;0
Sixt Leasing SE;Pullach i.Isartal;BY;64.91.0;1392691000;591;nein;3;0;1
Sixt SE;Pullach i.Isartal;BY;77.1;5193307000;7540;nein;3;0;1
SKF GmbH;Schweinfurt;BY;28.15;83907000000;43508;nein;12;0;0
SKW Stickstoffwerke Piesteritz GmbH;Lutherstadt Wittenberg;ST;20.59;0;0;nein;6;1;0
SMA Solar Technology AG;Kassel;HE;62.01.9;1216208000;2077;ja;12;1;
Smurfit Kappa GmbH;Hamburg;HH;17.21;0;0;nein;12;2;0
SNP Schneider-Neureither & Partner SE;Heidelberg;BW;70.22;151765796;1289;nein;4;0;1
SNT Deutschland AG;Frankfurt am Main;HE;82.20.0;0;0;nein;12;4;0
Software Aktiengesellschaft;Darmstadt;HE;46.51.0;2007904000;4686;nein;6;1;1
Sol Meliá Deutschland GmbH;Ratingen;NW;55.10.1;0;0;nein;6;2;0
Solvay Chemicals GmbH;Hannover;NI;46.75.0;0;0;nein;6;1;0
SONA AutoComp Germany GmbH;München;BY;70.10.1;128788000;1335;nein;9;0;0
SONA BLW Präzisionsschmiede GmbH;München;BY;24;0;0;nein;9;0;0
Sparda-Bank Baden-Württemberg eG;Stuttgart;BW;64.19.1;0;0;nein;15;4;0
Sparda-Bank München eingetragene Genossenschaft;München;BY;64.19.1;0;0;nein;9;3;0
Sparda-Bank Südwest eG;Mainz;RP;64.19.2;0;0;nein;15;1;0
Sparkassen-Versicherung Sachsen Allgemeine Versicherung Aktiengesellschaft;Dresden;SN;65.12.2;0;0;nein;9;1;0
Sparkassen-Versicherung Sachsen Lebensversicherung Aktiengesellschaft;Dresden;SN;65;0;0;nein;9;1;0
SPIE Fleischhauer GmbH;Hannover;NI;71.12.1;0;0;nein;3;0;0
SPIE SAG Group GmbH;Ratingen;NW;70.10.1;1242393000;8005;nein;12;1;0
Spiele Max GmbH;Berlin;BE;46.49.1;0;0;nein;3;0;0
Spiele Max Holding GmbH;Berlin;BE;70.10;86200948;625;nein;3;1;0
Splendid Medien AG;Köln;NW;64.20.0;63649000;173;nein;3;1;1
SPORTTOTAL AG;Köln;NW;46.49.2;31626000;182;nein;3;0;1
Sprint Sanierung GmbH;Köln;NW;43.99.9;0;0;nein;3;0;0
Staatliche Porzellan-Manufaktur Meissen GmbH;Meißen;SN;23.41.0;92273634;631;nein;9;2;0
Stabilus GmbH;Koblenz;RP;29.32.0;0;0;nein;3;0;0
STADA Arzneimittel Aktiengesellschaft;Bad Vilbel;HE;21. Feb;3560126000;10247;nein;8;0;1
Stadt Braunschweig Beteiligungs-Gesellschaft mbH;Braunschweig;NI;70.10;298177406;1051;nein;9;2;0
Stadtverkehr Lübeck GmbH;Lübeck;SH;49.41;0;0;nein;10;1;0
Stadtwerke Bielefeld Gesellschaft mit beschränkter Haftung;Bielefeld;NW;35;0;0;nein;16;2;0
Stadtwerke Bonn GmbH (SWB);Bonn;NW;35;698123911;2248;nein;16;4;0
Stadtwerke Bonn Verkehrs-GmbH (SWBV);Bonn;NW;49.31.0;0;0;nein;6;2;0
Stadtwerke Duisburg Aktiengesellschaft;Duisburg;NW;35;0;0;nein;21;2;0
Stadtwerke Halle GmbH;Halle (Saale);ST;35;1326550771;2574;nein;16;6;0
Stadtwerke Karlsruhe GmbH;Karlsruhe;BW;35;0;0;nein;15;4;0
Stadtwerke Kiel Aktiengesellschaft;Kiel;SH;35;0;0;nein;12;3;0
Stadtwerke Köln Gesellschaft mit beschränkter Haftung;Köln;NW;35;5276659000;12081;nein;19;5;0
Stadtwerke Leipzig GmbH;Leipzig;SN;35.30.0;0;0;nein;21;6;0
Stadtwerke Lübeck  Holding GmbH;Lübeck;SH;70.10;403723000;1218;nein;12;2;0
Stadtwerke Marburg GmbH;Marburg;HE;35;174827593;594;nein;15;5;0
Stadtwerke Osnabrück Aktiengesellschaft;Osnabrück;NI;35;663956685;1295;nein;15;3;0
Stadtwerke Solingen GmbH;Solingen;NW;35;0;0;nein;18;4;0
Stadtwerke Verkehrsgesellschaft Frankfurt am Main mbH;Frankfurt am Main;HE;49.39.9;0;0;nein;20;3;0
State Street Bank International GmbH;München;BY;64.19.1;0;4511;nein;5;2;0
STEAG GmbH;Essen;NW;35;0;0;nein;20;2;0
STEAG Technischer Service GmbH;Essen;NW;62.02.0;0;0;nein;6;0;0
Steelcase Aktiengesellschaft;München;BY;46.66;1859200000;0;nein;6;3;0
steep GmbH;Bonn;NW;43.21;0;0;nein;3;1;0
Steigenberger Hotels Aktiengesellschaft;Frankfurt am Main;HE;55.10.1;169896000;2676;nein;12;4;0
STILL Gesellschaft mit beschränkter Haftung;Hamburg;HH;46.69.1;0;0;nein;12;2;0
STRABAG Property and Facility Services GmbH;Münster;NW;68;0;0;nein;12;2;0
STRATEC Biomedical AG;Birkenfeld;BW;46.46.2;263776000;901;nein;3;1;1
STRÖER Dialog Verwaltung Hamburg GmbH;Hamburg;HH;62.01.9;15647000;3317;nein;12;2;0
Stromnetz Berlin GmbH;Berlin;BE;35;0;0;nein;12;6;0
Stuttgarter Lebensversicherung a.G.;Stuttgart;BW;65;7310512945;527;nein;6;0;0
Stuttgarter Straßenbahnen Aktiengesellschaft;Stuttgart;BW;49.31;0;0;nein;18;5;0
Süddeutsche Krankenversicherung a.G.;Fellbach;BW;65;0;0;nein;12;2;0
Südwestdeutsche Salzwerke Aktiengesellschaft;Heilbronn;BW;08.93.0;331267000;981;nein;12;1;1
Südzucker AG;Mannheim;BW;Okt 81;8735600000;16486;ja;20;4;
Sumitomo (SHI) Demag Plastics Machinery GmbH;Schwaig;BY;28.96.0;7,83E+11;2772;nein;3;0;0
Superior Industries Europe AG;Bad Dürkheim;RP;70.1;434800000;3320;nein;3;1;0
SÜSS MicroTec SE;Garching b.München;BY;28.99.0;199557000;841;nein;4;1;1
SV SparkassenVersicherung Gebäudeversicherung Aktiengesellschaft;Stuttgart;BW;65.12.2;0;0;nein;21;3;0
SV SparkassenVersicherung Holding Aktiengesellschaft;Stuttgart;BW;70.10.1;28687411000;3491;nein;20;2;0
Sweco GmbH;Bremen;HB;71.12.1;0;0;nein;3;0;0
SWK Stadtwerke Krefeld Aktiengesellschaft;Krefeld;NW;35;682721844;2656;nein;20;4;0
Symrise AG;Hildesheim;NI;20. Apr;4674621000;9188;ja;12;3;
Syna GmbH;Frankfurt am Main;HE;35;0;0;nein;15;5;0
Syzygy AG;Bad Homburg v. d. Höhe;HE;70.10.1;109646000;574;nein;3;0;1
TA Triumph-Adler GmbH;Nürnberg;BY;28.23.0;203768517;1101;nein;3;0;0
TAG Immobilien AG;Hamburg;HH;68.10;5033343000;993;nein;6;1;1
Takeda GmbH;Konstanz;BW;20.59;4,35E+12;0;nein;12;1;0
TAKKT AG;Stuttgart;BW;70.10.1;928458000;2341;nein;6;1;1
Talanx Aktiengesellschaft;Hannover;NI;65.2;1,58E+11;21416;ja;16;4;
TARGO Dienstleistungs GmbH;Duisburg;NW;82.20.0;0;0;nein;3;2;0
TDK Electronics AG;München;BY;26. Nov;2876592000;23581;nein;6;0;0
TEAG Thüringer Energie AG;Erfurt;TH;35.1;1420083000;1690;nein;15;3;0
team AG;Süderbrarup;SH;70.1;378515180;1892;nein;12;2;0
TeamBank AG Nürnberg;Nürnberg;BY;64.1;0;0;nein;12;2;0
teamtechnik Maschinen und Anlagen GmbH;Freiberg am Neckar;BW;28.99;107602881;922;nein;0;0;0
technotrans AG;Sassenberg;NW;96.09;125307000;1293;nein;6;0;1
TECTRION GmbH;Leverkusen;NW;28.49;0;0;nein;3;0;0
Tele Columbus AG;Berlin;BE;64.20.0;2025780000;1193;nein;6;2;1
Telefónica Deutschland Holding AG;München;BY;62.0;14100000000;9405;ja;16;6;
Telemotive Aktiengesellschaft;Mühlhausen im Täle;BW;71.12.9;0;0;nein;3;0;0
TELES Aktiengesellschaft Informationstechnologien;Berlin;BE;46.51.0;1203000;58;nein;3;0;1
TenneT TSO GmbH;Bayreuth;BY;35.13;0;0;nein;6;0;0
tesa SE;Norderstedt;SH;46.75;0;0;nein;6;0;0
Texas Instruments Deutschland Gesellschaft mit beschränkter Haftung;Freising;BY;28.29;0;0;nein;3;2;0
Thomas Cook GmbH;Oberursel (Taunus);HE;79.1;0;21940;nein;12;2;0
thyssenkrupp AG;Essen;NW;24.10.2000;35048000000;159424;ja;20;5;
thyssenkrupp Elevator AG;Düsseldorf;NW;43.29.9;0;0;nein;8;0;0
thyssenkrupp Marine Systems GmbH;Kiel;SH;30. Jan;0;0;nein;16;5;0
ThyssenKrupp MillServices & Systems GmbH;Duisburg;NW;23.61;0;0;nein;12;2;0
thyssenkrupp System Engineering GmbH;Essen;NW;71.12;0;0;nein;16;2;0
TLG IMMOBILIEN AG;Berlin;BE;68.20;4320847000;116;nein;6;0;1
Toll Collect GmbH;Berlin;BE;52.29.9;0;0;nein;0;0;0
toom Baumarkt GmbH;Köln;NW;46.73.1;0;0;nein;0;0;0
TransnetBW GmbH;Stuttgart;BW;35.13;0;0;nein;12;2;0
Treuhand Hannover GmbH Steuerberatungsgesellschaft;Hannover;NI;69.2;0;0;nein;12;3;0
Trevira GmbH;Bobingen;BY;13. Jan;0;0;nein;3;0;0
Trevira Holdings GmbH;Bobingen;BY;13. Jan;110886228;1024;nein;0;0;0
TRIMET Aluminium SE;Essen;NW;24. Apr;0;0;nein;7;0;0
Trinks GmbH;Goslar;NI;46.34.0;173246893;1271;nein;6;0;0
TROX GmbH;Neukirchen-Vluyn;NW;28.25;289845397;3629;nein;6;1;0
TUI AG;Hannover;NI;79.12;14185500000;62002;ja;20;6;
TUI Deutschland GmbH;Hannover;NI;79.12;0;0;nein;16;8;0
TUIfly GmbH;Langenhagen;NI;51.1;0;0;nein;12;3;0
Turbon AG;Hattingen;NW;64.20.0;71919000;1105;nein;6;0;1
TÜV NORD AG;Hannover;NI;71.20.0;888397000;10113;nein;20;2;0
TÜV Rheinland LGA Products GmbH;Nürnberg;BY;71.20.0;0;0;nein;3;0;0
TÜV Süd Aktiengesellschaft;München;BY;70.1;2050800000;22117;nein;16;4;0
TÜV SÜD Industrie Service GmbH;München;BY;71.20;0;0;nein;12;2;0
TÜV SÜD Product Service GmbH;München;BY;71.20.0;0;0;nein;3;0;0
U.D.O. Universitätsklinikum Dienstleistungsorganisation GmbH;Tübingen;BW;96.09;0;0;nein;6;2;0
UBS Deutschland AG;Frankfurt am Main;HE;66.1;0;0;nein;6;2;0
UBS Europe SE;Frankfurt am Main;HE;64.1;0;0;nein;9;3;0
UniCredit Bank AG;München;BY;64.19;2,99E+11;13405;nein;12;3;0
UniCredit Global Business Services GmbH;Unterföhring;BY;70.10;0;0;nein;9;3;0
Union Asset Management Holding AG;Frankfurt am Main;HE;70.1;2366058000;2910;nein;15;2;0
UNION KRANKENVERSICHERUNG AKTIENGESELLSCHAFT;Saarbrücken;SL;65.12.1;0;0;nein;15;2;0
Uniper Anlagenservice GmbH;Gelsenkirchen;NW;96.09;0;0;nein;3;1;0
Uniper Global Commodities SE;Düsseldorf;NW;35.1;0;0;nein;9;3;0
Uniper Kraftwerke GmbH;Düsseldorf;NW;35.11;0;0;nein;16;4;0
Uniper Technologies GmbH;Gelsenkirchen;NW;71.12.9;0;0;nein;6;2;0
United Labels Aktiengesellschaft;Münster;NW;46.42.1;25961000;99;nein;3;0;1
United Power Technology AG;Eschborn;HE;70.10.1;164845000;604;nein;3;0;0
unitedprint.com SE;Radebeul;SN;18. Nov;0;0;nein;3;2;0
Unitymedia BW GmbH;Köln;NW;61;0;0;nein;3;0;0
Unitymedia GmbH;Köln;NW;64.20.0;9165100000;2650;nein;12;0;0
uniVersa Krankenversicherung a.G.;Nürnberg;BY;65.12.1;4675795205;671;nein;6;2;0
uniVersa Lebensversicherung a. G.;Nürnberg;BY;65.11;1346444803;616;nein;6;3;0
Universitätsklinikum Gießen und Marburg GmbH;Gießen;HE;86.10.2;0;0;nein;12;2;0
UPM GmbH;Augsburg;BY;17. Nov;0;0;nein;3;1;0
üstra Hannoversche Verkehrsbetriebe Aktiengesellschaft;Hannover;NI;49.31;375720752;2536;ja;20;5;
USU Software AG;Möglingen;BW;63;95144000;694;nein;3;0;1
Uzin Utz Aktiengesellschaft;Ulm;BW;20.59.0;295745000;1267;nein;4;0;1
va-Q-tec AG;Würzburg;BY;71.12;110147000;444;nein;6;1;1
VAG Verkehrs- Aktiengesellschaft;Nürnberg;BY;49.31.0;0;0;nein;21;3;0
Vaillant GmbH;Remscheid;NW;28.21.9;2011600000;12062;nein;12;2;0
Vallourec Deutschland GmbH;Düsseldorf;NW;24.20;0;0;nein;15;1;0
Valora Holding Germany GmbH;Hamburg;HH;64.20.0;634057000;2976;nein;0;0;0
Vapiano SE;Bonn;NW;56.10.1;350317000;6400;nein;6;1;1
VARTA AKTIENGESELLSCHAFT;Ellwangen Jagst;BW;64.20.0;331480000;2091;nein;6;0;1
VARTA Microbattery GmbH;Ellwangen Jagst;BW;27.20.0;0;0;nein;6;0;0
Vattenfall Europe Business Services GmbH;Hamburg;HH;70.10;0;0;nein;12;3;0
Vattenfall Europe Information Services GmbH;Hamburg;HH;82.99;0;0;nein;6;1;0
Vattenfall Europe Kundenservice GmbH;Hamburg;HH;69.20.4;0;0;nein;6;1;0
Vattenfall GmbH;Berlin;BE;70.10.1;0;28567;nein;20;7;0
Vattenfall Wärme Berlin Aktiengesellschaft;Berlin;BE;35;0;0;nein;20;6;0
Vattenfall Wärme Hamburg GmbH;Hamburg;HH;35;0;0;nein;12;3;0
VBK - Verkehrsbetriebe Karlsruhe GmbH;Karlsruhe;BW;49.31.0;0;0;nein;15;3;0
VEKA Aktiengesellschaft;Sendenhorst;NW;20.16.0;642174000;5586;nein;3;0;0
Venator Germany GmbH;Duisburg;NW;20.13.0;0;0;nein;3;0;0
VerbundVolksbank OWL eG;Paderborn;NW;64.19.3;0;0;nein;20;2;0
Vereinigte Filzfabriken, Aktiengesellschaft;Giengen an der Brenz;BW;13.99.0;0;0;nein;3;0;1
Vereinigte Volksbank eG;Sindelfingen;BW;64.19.3;0;0;nein;17;2;0
Veritas AG;Gelnhausen;HE;22;276786737;3516;nein;12;2;0
VESTOLIT GmbH;Marl;NW;20.16.0;0;0;nein;3;0;0
VHV Holding AG;Hannover;NI;68.32;0;0;nein;9;0;0
VHV solutions GmbH;Hannover;NI;66.19;0;0;nein;6;1;0
Villeroy & Boch Aktiengesellschaft;Saarbrücken;SL;23.31;687100000;2698;ja;12;1;
VIS GmbH;Bonn;NW;78;0;0;nein;3;1;0
Viscom AG;Hannover;NI;27. Sep;81803000;462;nein;3;1;1
Vishay Electronic GmbH;Selb;BY;27.90.0;0;0;nein;6;2;0
Vita 34 AG;Leipzig;SN;46.46;59317000;125;nein;4;1;1
Vivantes - Forum für Senioren GmbH;Berlin;BE;87.30.0;0;0;nein;6;2;0
Vivantes - Netzwerk für Gesundheit GmbH;Berlin;BE;86.10.1;1343097190;15793;nein;16;9;0
Vivantes Service GmbH;Berlin;BE;86.90.9;0;0;nein;0;0;0
VNG AG;Leipzig;SN;70.10;2519735000;361;nein;21;6;0
Vodafone GmbH;Düsseldorf;NW;61;1,46E+11;106135;nein;16;5;0
voestalpine BWG GmbH;Butzbach;HE;71.12.9;0;0;nein;6;1;0
Voith GmbH & Co. KGaA;Heidenheim an der Brenz;BW;70.10.9;4997880000;18951;nein;20;3;0
Volksbank Alzey-Worms eG;Worms;RP;64.19.3;0;0;nein;25;7;0
Volksbank Darmstadt-Südhessen eG;Darmstadt;HE;64.19;0;0;nein;23;4;0
Volksbank eG Braunschweig Wolfsburg;Wolfsburg;NI;64.19.3;3485519076;744;nein;14;5;0
Volksbank Kassel Göttingen eG;Kassel;HE;64.19.3;0;0;nein;12;3;0
Volksbank Köln Bonn eG;Bonn;NW;64.19.3;0;0;nein;26;9;0
Volksbank Kraichgau eG;Wiesloch und Sinsheim;BW;64.19.3;0;0;nein;18;3;0
Volksbank Lüneburger Heide eG;Winsen;NI;0;0;0;nein;21;5;0
Volksbank Mittelhessen eG;Gießen;HE;64.19.1;0;0;nein;17;4;0
Volksbank Raiffeisenbank Rosenheim-Chiemsee eG;Rosenheim;BY;64.19.3;0;0;nein;18;3;0
Volksbank Stuttgart eG;Stuttgart;BW;64.19.3;0;0;nein;18;4;0
Volksbank Ulm-Biberach eG;Ulm;BW;64.19.3;0;0;nein;12;3;0
VOLKSWAGEN AKTIENGESELLSCHAFT;Braunschweig;NI;29. Jan;4,22E+11;609349;ja;20;4;
VOLKSWAGEN FINANCIAL SERVICES AKTIENGESELLSCHAFT;Braunschweig;NI;82.99;68953000000;10073;nein;12;3;0
VOLKSWOHL-BUND LEBENSVERSICHERUNG a.G.;Dortmund;NW;65.11.0;15347205000;686;nein;6;0;0
Vossloh Aktiengesellschaft;Werdohl;NW;52.2;1265400000;2770;nein;6;1;1
VR Bank Main-Kinzig-Büdingen eG;Büdingen;HE;64.19.3;0;0;nein;19;5;0
VR-LEASING Aktiengesellschaft;Eschborn;HE;68;0;0;nein;15;4;0
VTG Aktiengesellschaft;Hamburg;HH;70.10.1;3905800000;1501;nein;6;1;1
VWR International GmbH;Darmstadt;HE;46.46.2;0;0;nein;3;0;0
W & W Informatik GmbH;Ludwigsburg;BW;63.11.0;0;0;nein;3;1;0
W & W Service GmbH;Stuttgart;BW;81.21;0;0;nein;3;2;0
WABCO Holding GmbH;Hannover;NI;64.20;929898315;2665;nein;12;1;0
Wacker Chemie AG;München;BY;20.14;6835700000;17118;ja;16;2;
Wacker Neuson SE;München;BY;70.10.1;1914200000;5212;nein;6;0;1
Wanzl Metallwarenfabrik Gesellschaft mit beschränkter Haftung;Leipheim;BY;25.99;0;0;nein;0;0;0
WAREMA Renkhoff SE;Marktheidenfeld;BY;13.92.0;295558845;3435;nein;6;1;0
Warth & Klein Grant Thornton AG Wirtschaftsprüfungsgesellschaft;Düsseldorf;NW;69.20.1;0;0;nein;6;1;0
Wärtsilä SAM Electronics GmbH;Hamburg;HH;26. Dez;0;0;nein;3;0;0
WASGAU Produktions & Handels AG;Zweibrücken;RP;46;192233000;3915;ja;12;3;
WashTec AG;Augsburg;BY;70.10.1;237238000;1852;nein;6;0;1
Wayss & Freytag Ingenieurbau AG;Frankfurt am Main;HE;23.61;0;0;nein;3;1;0
Webasto Neubrandenburg GmbH;Neubrandenburg;MV;29. Mrz;0;0;nein;0;0;0
Webasto SE;Gauting;BY;70.1;2301244000;12605;nein;6;0;0
Webasto Utting GmbH;Utting am Ammersee;BY;29. Mrz;0;0;nein;0;0;0
Weber Automotive GmbH;Markdorf;BW;29. Mrz;289952858;1317;nein;0;0;0
WEBER-HYDRAULIK GMBH;Güglingen;BW;28.12.2000;149113931;1681;nein;3;1;0
WEMAG AG;Schwerin;MV;35.11;587867006;541;nein;15;2;0
Westag & Getalit Aktiengesellschaft;Rheda-Wiedenbrück;NW;16;164563000;1253;nein;5;0;1
Westerwald Bank eG Volks- und Raiffeisenbank;Montabaur;RP;64.1;0;0;nein;24;7;0
Westfalen Aktiengesellschaft;Münster;NW;20. Nov;487195000;1594;nein;6;1;0
Westfälische Provinzial Versicherung Aktiengesellschaft;Münster;NW;65.12.2;0;0;nein;21;5;0
Westnetz GmbH;Dortmund;NW;35.13;0;0;nein;16;5;0
Wieland-Werke Aktiengesellschaft;Ulm;BW;25. Sep;1906105000;6687;nein;12;1;0
Wiesbadener Volksbank eG;Wiesbaden;HE;64.19.6;0;0;nein;12;2;0
Wild Bunch AG;Berlin;BE;70.10.1;271677000;149;nein;5;0;1
Willis Towers Watson GmbH;Frankfurt am Main;HE;70.22;0;0;nein;3;1;0
WILO SE;Dortmund;NW;28.13.0;1369417000;7726;nein;6;1;0
windeln.de SE;München;BY;47.91.1;29972000;297;nein;6;1;1
Wintershall Dea Deutschland AG;Hamburg;HH;6;6344000000;1126;nein;12;1;0
Wintershall Holding GmbH;Celle;NI;08.93.0;0;0;nein;9;2;0
WIOSS Witron On Site Services GmbH;Parkstein;BY;62.0;0;0;nein;0;0;0
Wirecard AG;Aschheim;BY;63.99;5854900000;5154;nein;6;3;1
Wismut Gesellschaft mit beschränkter Haftung;Chemnitz;SN;38.3;0;0;nein;9;3;0
WITRON Logistik + Informatik GmbH;Parkstein;BY;71.12.2;371601767;2073;nein;0;0;0
WITTENSTEIN SE;Igersheim;BW;28.99.0;338847414;2293;nein;6;1;0
Witzenmann GmbH;Pforzheim;BW;24.20.1;334669201;3364;nein;9;1;0
WMF Group GmbH;Geislingen an der Steige;BW;25.71.0;919453000;5625;nein;12;1;0
Wolf GmbH;Mainburg;BY;28.29;0;0;nein;3;0;0
WORK SERVICE Deutschland GmbH;Worms;RP;78.1;0;0;nein;0;0;0
WSW Energie & Wasser AG;Wuppertal;NW;35;0;0;nein;20;2;0
WSW mobil GmbH;Wuppertal;NW;70.1;0;0;nein;20;4;0
WSW Wuppertaler Stadtwerke GmbH;Wuppertal;NW;70.1;1250155124;3247;nein;20;4;0
Württembergische Gemeinde-Versicherung auf Gegenseitigkeit;Stuttgart;BW;65.12;2721017690;935;nein;21;5;0
Württembergische Lebensversicherung Aktiengesellschaft;Stuttgart;BW;65.1;32966745000;778;nein;12;3;0
Württembergische Versicherung Aktiengesellschaft;Stuttgart;BW;65.1;0;0;nein;12;3;0
Würzburger Versorgungs- und Verkehrs - Gesellschaft mit beschränkter Haftung;Würzburg;BY;35.1;394113000;1457;nein;15;3;0
Wüstenrot & Württembergische AG;Stuttgart;BW;64.19.6;72018169000;8253;ja;16;1;
Wüstenrot Bausparkasse Aktiengesellschaft;Ludwigsburg;BW;64.19.6;0;0;nein;12;4;0
WWK Lebensversicherung auf Gegenseitigkeit;München;BY;65.11;10030304845;2901;nein;12;2;0
Xella Deutschland GmbH;Duisburg;NW;23.69;0;0;nein;6;1;0
YOC AG;Berlin;BE;73.11.0;6223871;48;nein;3;0;1
Zalando SE;Berlin;BE;62;3233700000;15526;nein;9;2;1
ZEAG Energie AG;Heilbronn;BW;35;419873000;179;nein;9;1;0
ZEG Zentraleinkauf Holz + Kunststoff eG;Kornwestheim;BW;46.73.3;0;0;nein;6;0;0
Zentralklinik Bad Berka GmbH;Bad Berka;TH;86.10.1;0;0;nein;0;0;0
ZF Friedrichshafen AG;Friedrichshafen;BW;28.29;27833000000;142857;nein;20;4;0
ZG Raiffeisen eG;Karlsruhe;BW;94.11;445142013;1939;nein;12;3;0
ZIEHL-ABEGG SE;Künzelsau;BW;28.25;0;0;nein;6;1;0
ZIEMANN SICHERHEIT GmbH;Schallstadt;BW;80.10.0;0;0;nein;0;0;0
zooplus AG;München;BY;47.91.9;301763436;635;nein;6;0;1
Zürich Beteiligungs-Aktiengesellschaft (Deutschland);Frankfurt am Main;HE;64.2;382679000;54335;nein;12;3;0
Zurich Kunden Center GmbH;Frankfurt am Main;HE;70.22;0;0;nein;3;0;0
Zurich Service GmbH;Bonn;NW;65.1;0;0;nein;12;2;0
